coords,length,score,group1,group2
"[(16, 5), (17, 6), (18, 7), (19, 8)]",4,6.814348160431015,GTCA,GTCA
"[(11, 10), (12, 11), (13, 12)]",3,5.67136645427326,AAA,AAA
"[(9, 7), (10, 8)]",2,3.531634188759798,CA,CA
"[(10, 1), (11, 2)]",2,2.515811790888817,AA,AA
"[(11, 1), (12, 2)]",2,2.483481877705341,AA,AA
"[(12, 10), (13, 11)]",2,3.764520493852779,AA,AA
"[(18, 9), (19, 10)]",2,3.531634188759798,CA,CA
"[(21, 10), (22, 11)]",2,3.3506311550241064,AA,AA
"[(21, 11), (22, 12)]",2,3.3291914555564417,AA,AA
"[(21, 12), (22, 13)]",2,3.202902688934076,AA,AA
