coords,length,score,group1,group2
"[(16, 5), (17, 6), (18, 7), (19, 8)]",4,6.814348185798898,GTCA,GTCA
"[(11, 10), (12, 11), (13, 12)]",3,5.671366477840821,AAA,AAA
"[(9, 7), (10, 8)]",2,3.531634204180727,CA,CA
"[(10, 1), (11, 2)]",2,2.515811794599606,AA,AA
"[(11, 1), (12, 2)]",2,2.483481881314681,AA,AA
"[(12, 10), (13, 11)]",2,3.7645205120097773,AA,AA
"[(18, 9), (19, 10)]",2,3.531634204180727,CA,CA
"[(21, 10), (22, 11)]",2,3.3506311651379064,AA,AA
"[(21, 11), (22, 12)]",2,3.3291914632026076,AA,AA
"[(21, 12), (22, 13)]",2,3.202902698812113,AA,AA
