MEME Folder,Motif Number,Analyzed Direction,Matrix Path,Histogram Path,Bootstrap Path,Execution Time (s),Analysis Note,coords,length,score,group1,group2,full_pattern,p_value,Inverted_Pval
meme_out_1,1,Direct,MEME_OUT_REPORT/images/meme_out_1_motif1_direct_matrix.png,MEME_OUT_REPORT/images/meme_out_1_motif1_direct_histogram.png,MEME_OUT_REPORT/images/meme_out_1_motif1_direct_boot.png,0.5108,,"[(16, 5), (17, 6), (18, 7), (19, 8)]",4,6.814348160431015,GTCA,GTCA,GTCACAAAAGTGTCA,0.050179928028788484,0.9498200719712115
meme_out_1,1,Direct,MEME_OUT_REPORT/images/meme_out_1_motif1_direct_matrix.png,MEME_OUT_REPORT/images/meme_out_1_motif1_direct_histogram.png,MEME_OUT_REPORT/images/meme_out_1_motif1_direct_boot.png,0.5108,,"[(11, 10), (12, 11), (13, 12)]",3,5.67136645427326,AAA,AAA,AAAA,0.16513394642143142,0.8348660535785686
meme_out_1,1,Direct,MEME_OUT_REPORT/images/meme_out_1_motif1_direct_matrix.png,MEME_OUT_REPORT/images/meme_out_1_motif1_direct_histogram.png,MEME_OUT_REPORT/images/meme_out_1_motif1_direct_boot.png,0.5108,,"[(9, 7), (10, 8)]",2,3.531634188759798,CA,CA,CACA,0.9104358256697321,0.08956417433026787
meme_out_1,1,Direct,MEME_OUT_REPORT/images/meme_out_1_motif1_direct_matrix.png,MEME_OUT_REPORT/images/meme_out_1_motif1_direct_histogram.png,MEME_OUT_REPORT/images/meme_out_1_motif1_direct_boot.png,0.5108,,"[(10, 1), (11, 2)]",2,2.515811790888817,AA,AA,AAAGGTCACAA,0.9998000799680128,0.00019992003198721076
meme_out_1,1,Direct,MEME_OUT_REPORT/images/meme_out_1_motif1_direct_matrix.png,MEME_OUT_REPORT/images/meme_out_1_motif1_direct_histogram.png,MEME_OUT_REPORT/images/meme_out_1_motif1_direct_boot.png,0.5108,,"[(11, 1), (12, 2)]",2,2.483481877705341,AA,AA,AAAGGTCACAAA,0.9998000799680128,0.00019992003198721076
meme_out_1,1,Direct,MEME_OUT_REPORT/images/meme_out_1_motif1_direct_matrix.png,MEME_OUT_REPORT/images/meme_out_1_motif1_direct_histogram.png,MEME_OUT_REPORT/images/meme_out_1_motif1_direct_boot.png,0.5108,,"[(12, 10), (13, 11)]",2,3.764520493852779,AA,AA,AAAA,0.8122750899640144,0.18772491003598557
meme_out_1,1,Direct,MEME_OUT_REPORT/images/meme_out_1_motif1_direct_matrix.png,MEME_OUT_REPORT/images/meme_out_1_motif1_direct_histogram.png,MEME_OUT_REPORT/images/meme_out_1_motif1_direct_boot.png,0.5108,,"[(18, 9), (19, 10)]",2,3.531634188759798,CA,CA,CAAAAGTGTCA,0.9104358256697321,0.08956417433026787
meme_out_1,1,Direct,MEME_OUT_REPORT/images/meme_out_1_motif1_direct_matrix.png,MEME_OUT_REPORT/images/meme_out_1_motif1_direct_histogram.png,MEME_OUT_REPORT/images/meme_out_1_motif1_direct_boot.png,0.5108,,"[(21, 10), (22, 11)]",2,3.3506311550241064,AA,AA,AAAAGTGTCATAA,0.9702119152339065,0.029788084766093514
meme_out_1,1,Direct,MEME_OUT_REPORT/images/meme_out_1_motif1_direct_matrix.png,MEME_OUT_REPORT/images/meme_out_1_motif1_direct_histogram.png,MEME_OUT_REPORT/images/meme_out_1_motif1_direct_boot.png,0.5108,,"[(21, 11), (22, 12)]",2,3.3291914555564417,AA,AA,AAAGTGTCATAA,0.9726109556177529,0.027389044382247096
meme_out_1,1,Direct,MEME_OUT_REPORT/images/meme_out_1_motif1_direct_matrix.png,MEME_OUT_REPORT/images/meme_out_1_motif1_direct_histogram.png,MEME_OUT_REPORT/images/meme_out_1_motif1_direct_boot.png,0.5108,,"[(21, 12), (22, 13)]",2,3.202902688934076,AA,AA,AAGTGTCATAA,0.9872051179528188,0.012794882047181155
meme_out_1,1,Reverse,MEME_OUT_REPORT/images/meme_out_1_motif1_reverse_matrix.png,MEME_OUT_REPORT/images/meme_out_1_motif1_reverse_histogram.png,MEME_OUT_REPORT/images/meme_out_1_motif1_reverse_boot.png,0.4074,,"[(15, 10), (16, 9), (17, 8)]",3,4.993712365506871,ACA,TGT,ACAAAAGTGT,0.14734106357457016,0.8526589364254298
meme_out_1,1,Reverse,MEME_OUT_REPORT/images/meme_out_1_motif1_reverse_matrix.png,MEME_OUT_REPORT/images/meme_out_1_motif1_reverse_histogram.png,MEME_OUT_REPORT/images/meme_out_1_motif1_reverse_boot.png,0.4074,,"[(8, 6), (9, 5)]",2,2.7834386006136658,GT,AC,GTCAC,0.9870051979208316,0.012994802079168366
meme_out_1,1,Reverse,MEME_OUT_REPORT/images/meme_out_1_motif1_reverse_matrix.png,MEME_OUT_REPORT/images/meme_out_1_motif1_reverse_histogram.png,MEME_OUT_REPORT/images/meme_out_1_motif1_reverse_boot.png,0.4074,,"[(15, 8), (16, 7)]",2,3.3982121642863308,CA,TG,CACAAAAGTG,0.8158736505397841,0.1841263494602159
meme_out_1,1,Reverse,MEME_OUT_REPORT/images/meme_out_1_motif1_reverse_matrix.png,MEME_OUT_REPORT/images/meme_out_1_motif1_reverse_histogram.png,MEME_OUT_REPORT/images/meme_out_1_motif1_reverse_boot.png,0.4074,,"[(18, 16), (19, 15)]",2,3.340354198566661,TG,CA,TGTCA,0.8452618952419032,0.1547381047580968
meme_out_1,1,Reverse,MEME_OUT_REPORT/images/meme_out_1_motif1_reverse_matrix.png,MEME_OUT_REPORT/images/meme_out_1_motif1_reverse_histogram.png,MEME_OUT_REPORT/images/meme_out_1_motif1_reverse_boot.png,0.4074,,"[(23, 11), (24, 10)]",2,2.1865785372889635,AA,TT,AAAAGTGTCATAATT,0.9994002399040384,0.0005997600959616323
meme_out_1,1,Reverse,MEME_OUT_REPORT/images/meme_out_1_motif1_reverse_matrix.png,MEME_OUT_REPORT/images/meme_out_1_motif1_reverse_histogram.png,MEME_OUT_REPORT/images/meme_out_1_motif1_reverse_boot.png,0.4074,,"[(23, 12), (24, 11)]",2,2.196703315729323,AA,TT,AAAGTGTCATAATT,0.9994002399040384,0.0005997600959616323
meme_out_1,1,Reverse,MEME_OUT_REPORT/images/meme_out_1_motif1_reverse_matrix.png,MEME_OUT_REPORT/images/meme_out_1_motif1_reverse_histogram.png,MEME_OUT_REPORT/images/meme_out_1_motif1_reverse_boot.png,0.4074,,"[(23, 13), (24, 12)]",2,2.106550082102966,AA,TT,AAGTGTCATAATT,0.9994002399040384,0.0005997600959616323
meme_out_1,2,Direct,MEME_OUT_REPORT/images/meme_out_1_motif2_direct_matrix.png,MEME_OUT_REPORT/images/meme_out_1_motif2_direct_histogram.png,MEME_OUT_REPORT/images/meme_out_1_motif2_direct_boot.png,0.3902,,"[(21, 0), (22, 1), (23, 2), (24, 3), (25, 4)]",5,9.649394330241655,GTAAA,GTAAA,GTAAAGCGACGTATAGAGAGCGTAAA,0.00019992003198720512,0.9998000799680128
meme_out_1,2,Direct,MEME_OUT_REPORT/images/meme_out_1_motif2_direct_matrix.png,MEME_OUT_REPORT/images/meme_out_1_motif2_direct_histogram.png,MEME_OUT_REPORT/images/meme_out_1_motif2_direct_boot.png,0.3902,,"[(3, 2), (4, 3)]",2,3.6493943614374347,AA,AA,AAA,0.7395041983206717,0.2604958016793283
meme_out_1,2,Direct,MEME_OUT_REPORT/images/meme_out_1_motif2_direct_matrix.png,MEME_OUT_REPORT/images/meme_out_1_motif2_direct_histogram.png,MEME_OUT_REPORT/images/meme_out_1_motif2_direct_boot.png,0.3902,,"[(10, 0), (11, 1)]",2,3.896871774475777,GT,GT,GTAAAGCGACGT,0.6309476209516194,0.3690523790483806
meme_out_1,2,Direct,MEME_OUT_REPORT/images/meme_out_1_motif2_direct_matrix.png,MEME_OUT_REPORT/images/meme_out_1_motif2_direct_histogram.png,MEME_OUT_REPORT/images/meme_out_1_motif2_direct_boot.png,0.3902,,"[(21, 10), (22, 11)]",2,3.896871774475777,GT,GT,GTATAGAGAGCGT,0.6309476209516194,0.3690523790483806
meme_out_1,2,Direct,MEME_OUT_REPORT/images/meme_out_1_motif2_direct_matrix.png,MEME_OUT_REPORT/images/meme_out_1_motif2_direct_histogram.png,MEME_OUT_REPORT/images/meme_out_1_motif2_direct_boot.png,0.3902,,"[(22, 13), (23, 14)]",2,2.3659647034945115,TA,TA,TAGAGAGCGTA,0.9960015993602559,0.003998400639744104
meme_out_1,2,Direct,MEME_OUT_REPORT/images/meme_out_1_motif2_direct_matrix.png,MEME_OUT_REPORT/images/meme_out_1_motif2_direct_histogram.png,MEME_OUT_REPORT/images/meme_out_1_motif2_direct_boot.png,0.3902,,"[(23, 3), (24, 4)]",2,3.9999999792028142,AA,AA,AAGCGACGTATAGAGAGCGTAA,0.5587764894042383,0.4412235105957617
meme_out_1,2,Direct,MEME_OUT_REPORT/images/meme_out_1_motif2_direct_matrix.png,MEME_OUT_REPORT/images/meme_out_1_motif2_direct_histogram.png,MEME_OUT_REPORT/images/meme_out_1_motif2_direct_boot.png,0.3902,,"[(24, 2), (25, 3)]",2,3.6493943614374347,AA,AA,AAAGCGACGTATAGAGAGCGTAAA,0.7395041983206717,0.2604958016793283
meme_out_1,2,Direct,MEME_OUT_REPORT/images/meme_out_1_motif2_direct_matrix.png,MEME_OUT_REPORT/images/meme_out_1_motif2_direct_histogram.png,MEME_OUT_REPORT/images/meme_out_1_motif2_direct_boot.png,0.3902,,"[(24, 23), (25, 24)]",2,3.9999999792028142,AA,AA,AAA,0.5587764894042383,0.4412235105957617
meme_out_1,2,Reverse,MEME_OUT_REPORT/images/meme_out_1_motif2_reverse_matrix.png,MEME_OUT_REPORT/images/meme_out_1_motif2_reverse_histogram.png,MEME_OUT_REPORT/images/meme_out_1_motif2_reverse_boot.png,0.4041,,"[(13, 2), (14, 1)]",2,2.2277018763580494,TA,TA,TAAAGCGACGTATA,0.9428228708516594,0.05717712914834061
meme_out_1,2,Reverse,MEME_OUT_REPORT/images/meme_out_1_motif2_reverse_matrix.png,MEME_OUT_REPORT/images/meme_out_1_motif2_reverse_histogram.png,MEME_OUT_REPORT/images/meme_out_1_motif2_reverse_boot.png,0.4041,,"[(20, 10), (21, 9)]",2,2.527189225612444,CG,CG,CGTATAGAGAGCG,0.913234706117553,0.08676529388244703
meme_out_1,2,Reverse,MEME_OUT_REPORT/images/meme_out_1_motif2_reverse_matrix.png,MEME_OUT_REPORT/images/meme_out_1_motif2_reverse_histogram.png,MEME_OUT_REPORT/images/meme_out_1_motif2_reverse_boot.png,0.4041,,"[(22, 2), (23, 1)]",2,3.6493943614374347,TA,TA,TAAAGCGACGTATAGAGAGCGTA,0.4034386245501799,0.59656137544982
meme_out_1,2,Reverse,MEME_OUT_REPORT/images/meme_out_1_motif2_reverse_matrix.png,MEME_OUT_REPORT/images/meme_out_1_motif2_reverse_histogram.png,MEME_OUT_REPORT/images/meme_out_1_motif2_reverse_boot.png,0.4041,,"[(22, 14), (23, 13)]",2,2.3659647034945115,TA,TA,TAGAGAGCGTA,0.9354258296681327,0.0645741703318673
meme_out_1,3,Direct,MEME_OUT_REPORT/images/meme_out_1_motif3_direct_matrix.png,MEME_OUT_REPORT/images/meme_out_1_motif3_direct_histogram.png,MEME_OUT_REPORT/images/meme_out_1_motif3_direct_boot.png,0.4,,"[(9, 7), (10, 8)]",2,3.104923562062285,GC,GC,GCGC,0.8688524590163934,0.1311475409836066
meme_out_1,3,Direct,MEME_OUT_REPORT/images/meme_out_1_motif3_direct_matrix.png,MEME_OUT_REPORT/images/meme_out_1_motif3_direct_histogram.png,MEME_OUT_REPORT/images/meme_out_1_motif3_direct_boot.png,0.4,,"[(14, 6), (15, 7)]",2,2.673018047829536,AG,AG,AGCGCTTGAG,0.9828068772491003,0.01719312275089968
meme_out_1,3,Direct,MEME_OUT_REPORT/images/meme_out_1_motif3_direct_matrix.png,MEME_OUT_REPORT/images/meme_out_1_motif3_direct_histogram.png,MEME_OUT_REPORT/images/meme_out_1_motif3_direct_boot.png,0.4,,"[(19, 6), (20, 7)]",2,3.548793618415597,AG,AG,AGCGCTTGAGTATAG,0.5361855257896841,0.46381447421031585
meme_out_1,3,Direct,MEME_OUT_REPORT/images/meme_out_1_motif3_direct_matrix.png,MEME_OUT_REPORT/images/meme_out_1_motif3_direct_histogram.png,MEME_OUT_REPORT/images/meme_out_1_motif3_direct_boot.png,0.4,,"[(19, 14), (20, 15)]",2,2.833728285968122,AG,AG,AGTATAG,0.9640143942423031,0.03598560575769694
meme_out_1,3,Direct,MEME_OUT_REPORT/images/meme_out_1_motif3_direct_matrix.png,MEME_OUT_REPORT/images/meme_out_1_motif3_direct_histogram.png,MEME_OUT_REPORT/images/meme_out_1_motif3_direct_boot.png,0.4,,"[(20, 13), (21, 14)]",2,3.1079030077271605,GA,GA,GAGTATAGA,0.8682526989204318,0.13174730107956822
meme_out_1,3,Direct,MEME_OUT_REPORT/images/meme_out_1_motif3_direct_matrix.png,MEME_OUT_REPORT/images/meme_out_1_motif3_direct_histogram.png,MEME_OUT_REPORT/images/meme_out_1_motif3_direct_boot.png,0.4,,"[(23, 18), (24, 19)]",2,3.647308183709784,TA,TA,TAGAATA,0.44322271091563376,0.5567772890843663
meme_out_1,3,Reverse,MEME_OUT_REPORT/images/meme_out_1_motif3_reverse_matrix.png,MEME_OUT_REPORT/images/meme_out_1_motif3_reverse_histogram.png,MEME_OUT_REPORT/images/meme_out_1_motif3_reverse_boot.png,0.3651,,"[(9, 8), (10, 7), (11, 6)]",3,4.508598242786416,AGC,GCT,AGCGCT,0.23730507796881248,0.7626949220311875
meme_out_1,3,Reverse,MEME_OUT_REPORT/images/meme_out_1_motif3_reverse_matrix.png,MEME_OUT_REPORT/images/meme_out_1_motif3_reverse_histogram.png,MEME_OUT_REPORT/images/meme_out_1_motif3_reverse_boot.png,0.3651,,"[(12, 6), (13, 5)]",2,3.1524051813711145,CA,TG,CAGCGCTTG,0.8818472610955618,0.11815273890443823
meme_out_1,3,Reverse,MEME_OUT_REPORT/images/meme_out_1_motif3_reverse_matrix.png,MEME_OUT_REPORT/images/meme_out_1_motif3_reverse_histogram.png,MEME_OUT_REPORT/images/meme_out_1_motif3_reverse_boot.png,0.3651,,"[(19, 11), (20, 10)]",2,2.8082931947384964,CT,AG,CTTGAGTATAG,0.9802079168332667,0.01979208316673331
meme_out_1,3,Reverse,MEME_OUT_REPORT/images/meme_out_1_motif3_reverse_matrix.png,MEME_OUT_REPORT/images/meme_out_1_motif3_reverse_histogram.png,MEME_OUT_REPORT/images/meme_out_1_motif3_reverse_boot.png,0.3651,,"[(21, 12), (22, 11)]",2,2.923439931787918,TT,AA,TTGAGTATAGAA,0.9652139144342263,0.03478608556577367
meme_out_1,3,Reverse,MEME_OUT_REPORT/images/meme_out_1_motif3_reverse_matrix.png,MEME_OUT_REPORT/images/meme_out_1_motif3_reverse_histogram.png,MEME_OUT_REPORT/images/meme_out_1_motif3_reverse_boot.png,0.3651,,"[(23, 19), (24, 18)]",2,3.647308183709784,TA,TA,TAGAATA,0.4838064774090364,0.5161935225909636
meme_out_1,4,Direct,MEME_OUT_REPORT/images/meme_out_1_motif4_direct_matrix.png,MEME_OUT_REPORT/images/meme_out_1_motif4_direct_histogram.png,MEME_OUT_REPORT/images/meme_out_1_motif4_direct_boot.png,0.3615,,"[(4, 3), (5, 4)]",2,3.5575412716023775,TT,TT,TTT,0.7051179528188725,0.29488204718112754
meme_out_1,4,Direct,MEME_OUT_REPORT/images/meme_out_1_motif4_direct_matrix.png,MEME_OUT_REPORT/images/meme_out_1_motif4_direct_histogram.png,MEME_OUT_REPORT/images/meme_out_1_motif4_direct_boot.png,0.3615,,"[(18, 3), (19, 4)]",2,3.655721626879564,TT,TT,TTTGTAAGTGAACACTT,0.6309476209516194,0.3690523790483806
meme_out_1,4,Direct,MEME_OUT_REPORT/images/meme_out_1_motif4_direct_matrix.png,MEME_OUT_REPORT/images/meme_out_1_motif4_direct_histogram.png,MEME_OUT_REPORT/images/meme_out_1_motif4_direct_boot.png,0.3615,,"[(18, 4), (19, 5)]",2,3.9007265554994577,TT,TT,TTGTAAGTGAACACTT,0.32566973210715716,0.6743302678928429
meme_out_1,4,Direct,MEME_OUT_REPORT/images/meme_out_1_motif4_direct_matrix.png,MEME_OUT_REPORT/images/meme_out_1_motif4_direct_histogram.png,MEME_OUT_REPORT/images/meme_out_1_motif4_direct_boot.png,0.3615,,"[(19, 7), (20, 8)]",2,3.691752623960933,TA,TA,TAAGTGAACACTTA,0.5801679328268693,0.4198320671731307
meme_out_1,4,Direct,MEME_OUT_REPORT/images/meme_out_1_motif4_direct_matrix.png,MEME_OUT_REPORT/images/meme_out_1_motif4_direct_histogram.png,MEME_OUT_REPORT/images/meme_out_1_motif4_direct_boot.png,0.3615,,"[(22, 8), (23, 9)]",2,3.210125207562812,AA,AA,AAGTGAACACTTACAA,0.8924430227908836,0.10755697720911639
meme_out_1,4,Reverse,MEME_OUT_REPORT/images/meme_out_1_motif4_reverse_matrix.png,MEME_OUT_REPORT/images/meme_out_1_motif4_reverse_histogram.png,MEME_OUT_REPORT/images/meme_out_1_motif4_reverse_boot.png,0.3178,,"[(18, 9), (19, 8), (20, 7), (21, 6), (22, 5), (23, 4)]",6,11.1093689232072,TTGTAA,TTACAA,TTGTAAGTGAACACTTACAA,0.00019992003198720512,0.9998000799680128
meme_out_1,4,Reverse,MEME_OUT_REPORT/images/meme_out_1_motif4_reverse_matrix.png,MEME_OUT_REPORT/images/meme_out_1_motif4_reverse_histogram.png,MEME_OUT_REPORT/images/meme_out_1_motif4_reverse_boot.png,0.3178,,"[(8, 4), (9, 3)]",2,3.348940137881068,TT,AA,TTTGTAA,0.9008396641343462,0.09916033586565376
meme_out_1,4,Reverse,MEME_OUT_REPORT/images/meme_out_1_motif4_reverse_matrix.png,MEME_OUT_REPORT/images/meme_out_1_motif4_reverse_histogram.png,MEME_OUT_REPORT/images/meme_out_1_motif4_reverse_boot.png,0.3178,,"[(8, 5), (9, 4)]",2,3.592479200257576,TT,AA,TTGTAA,0.7722910835665734,0.2277089164334266
meme_out_1,4,Reverse,MEME_OUT_REPORT/images/meme_out_1_motif4_reverse_matrix.png,MEME_OUT_REPORT/images/meme_out_1_motif4_reverse_histogram.png,MEME_OUT_REPORT/images/meme_out_1_motif4_reverse_boot.png,0.3178,,"[(22, 4), (23, 3)]",2,3.3295766391690274,TT,AA,TTTGTAAGTGAACACTTACAA,0.9014394242303079,0.09856057576969213
meme_out_1,4,Reverse,MEME_OUT_REPORT/images/meme_out_1_motif4_reverse_matrix.png,MEME_OUT_REPORT/images/meme_out_1_motif4_reverse_histogram.png,MEME_OUT_REPORT/images/meme_out_1_motif4_reverse_boot.png,0.3178,,"[(22, 19), (23, 18)]",2,3.5154238775034226,TT,AA,TTACAA,0.8252698920431827,0.17473010795681732
meme_out_1,5,Direct,MEME_OUT_REPORT/images/meme_out_1_motif5_direct_matrix.png,MEME_OUT_REPORT/images/meme_out_1_motif5_direct_histogram.png,MEME_OUT_REPORT/images/meme_out_1_motif5_direct_boot.png,0.4564,,"[(15, 14), (16, 15), (17, 16)]",3,4.5683216870357946,AAA,AAA,AAAA,0.5563774490203919,0.4436225509796081
meme_out_1,5,Direct,MEME_OUT_REPORT/images/meme_out_1_motif5_direct_matrix.png,MEME_OUT_REPORT/images/meme_out_1_motif5_direct_histogram.png,MEME_OUT_REPORT/images/meme_out_1_motif5_direct_boot.png,0.4564,,"[(22, 18), (23, 19), (24, 20)]",3,4.6747296871955895,TTT,TTT,TTTGTTT,0.5183926429428228,0.48160735705717717
meme_out_1,5,Direct,MEME_OUT_REPORT/images/meme_out_1_motif5_direct_matrix.png,MEME_OUT_REPORT/images/meme_out_1_motif5_direct_histogram.png,MEME_OUT_REPORT/images/meme_out_1_motif5_direct_boot.png,0.4564,,"[(16, 14), (17, 15)]",2,2.975694660986581,AA,AA,AAAA,0.9974010395841664,0.002598960415833629
meme_out_1,5,Direct,MEME_OUT_REPORT/images/meme_out_1_motif5_direct_matrix.png,MEME_OUT_REPORT/images/meme_out_1_motif5_direct_histogram.png,MEME_OUT_REPORT/images/meme_out_1_motif5_direct_boot.png,0.4564,,"[(18, 7), (19, 8)]",2,2.7285907047003013,TT,TT,TTATATGAAAATT,0.9996001599360256,0.0003998400639744215
meme_out_1,5,Direct,MEME_OUT_REPORT/images/meme_out_1_motif5_direct_matrix.png,MEME_OUT_REPORT/images/meme_out_1_motif5_direct_histogram.png,MEME_OUT_REPORT/images/meme_out_1_motif5_direct_boot.png,0.4564,,"[(19, 7), (20, 8)]",2,3.2061570830615196,TT,TT,TTATATGAAAATTT,0.9896041583366654,0.010395841663334626
meme_out_1,5,Direct,MEME_OUT_REPORT/images/meme_out_1_motif5_direct_matrix.png,MEME_OUT_REPORT/images/meme_out_1_motif5_direct_histogram.png,MEME_OUT_REPORT/images/meme_out_1_motif5_direct_boot.png,0.4564,,"[(22, 7), (23, 8)]",2,3.518854997598611,TT,TT,TTATATGAAAATTTGTT,0.9198320671731307,0.08016793282686929
meme_out_1,5,Direct,MEME_OUT_REPORT/images/meme_out_1_motif5_direct_matrix.png,MEME_OUT_REPORT/images/meme_out_1_motif5_direct_histogram.png,MEME_OUT_REPORT/images/meme_out_1_motif5_direct_boot.png,0.4564,,"[(22, 19), (23, 20)]",2,3.376232876433928,TT,TT,TTGTT,0.9574170331867253,0.04258296681327467
meme_out_1,5,Direct,MEME_OUT_REPORT/images/meme_out_1_motif5_direct_matrix.png,MEME_OUT_REPORT/images/meme_out_1_motif5_direct_histogram.png,MEME_OUT_REPORT/images/meme_out_1_motif5_direct_boot.png,0.4564,,"[(23, 7), (24, 8)]",2,3.518854997598611,TT,TT,TTATATGAAAATTTGTTT,0.9198320671731307,0.08016793282686929
meme_out_1,5,Direct,MEME_OUT_REPORT/images/meme_out_1_motif5_direct_matrix.png,MEME_OUT_REPORT/images/meme_out_1_motif5_direct_histogram.png,MEME_OUT_REPORT/images/meme_out_1_motif5_direct_boot.png,0.4564,,"[(23, 18), (24, 19)]",2,3.207630804029778,TT,TT,TTTGTTT,0.9894042383046782,0.010595761695321837
meme_out_1,5,Direct,MEME_OUT_REPORT/images/meme_out_1_motif5_direct_matrix.png,MEME_OUT_REPORT/images/meme_out_1_motif5_direct_histogram.png,MEME_OUT_REPORT/images/meme_out_1_motif5_direct_boot.png,0.4564,,"[(23, 22), (24, 23)]",2,3.9999999792028142,TT,TT,TTT,0.7385045981607357,0.26149540183926434
meme_out_1,5,Reverse,MEME_OUT_REPORT/images/meme_out_1_motif5_reverse_matrix.png,MEME_OUT_REPORT/images/meme_out_1_motif5_reverse_histogram.png,MEME_OUT_REPORT/images/meme_out_1_motif5_reverse_boot.png,0.4014,,"[(18, 16), (19, 15), (20, 14)]",3,4.381638908843444,AAA,TTT,AAAATTT,0.5425829668132747,0.45741703318672533
meme_out_1,5,Reverse,MEME_OUT_REPORT/images/meme_out_1_motif5_reverse_matrix.png,MEME_OUT_REPORT/images/meme_out_1_motif5_reverse_histogram.png,MEME_OUT_REPORT/images/meme_out_1_motif5_reverse_boot.png,0.4014,,"[(22, 16), (23, 15), (24, 14)]",3,5.378209077492734,AAA,TTT,AAAATTTGTTT,0.1361455417832867,0.8638544582167134
meme_out_1,5,Reverse,MEME_OUT_REPORT/images/meme_out_1_motif5_reverse_matrix.png,MEME_OUT_REPORT/images/meme_out_1_motif5_reverse_histogram.png,MEME_OUT_REPORT/images/meme_out_1_motif5_reverse_boot.png,0.4014,,"[(22, 17), (23, 16), (24, 15)]",3,4.756529573757924,AAA,TTT,AAATTTGTTT,0.36465413834466215,0.6353458616553378
meme_out_1,5,Reverse,MEME_OUT_REPORT/images/meme_out_1_motif5_reverse_matrix.png,MEME_OUT_REPORT/images/meme_out_1_motif5_reverse_histogram.png,MEME_OUT_REPORT/images/meme_out_1_motif5_reverse_boot.png,0.4014,,"[(7, 4), (8, 3)]",2,2.817351818758865,AA,TT,AAAGTT,0.9982007197121151,0.0017992802878848968
meme_out_1,5,Reverse,MEME_OUT_REPORT/images/meme_out_1_motif5_reverse_matrix.png,MEME_OUT_REPORT/images/meme_out_1_motif5_reverse_histogram.png,MEME_OUT_REPORT/images/meme_out_1_motif5_reverse_boot.png,0.4014,,"[(11, 10), (12, 9)]",2,2.6510907659145078,AT,AT,ATAT,0.9996001599360256,0.0003998400639744215
meme_out_1,5,Reverse,MEME_OUT_REPORT/images/meme_out_1_motif5_reverse_matrix.png,MEME_OUT_REPORT/images/meme_out_1_motif5_reverse_histogram.png,MEME_OUT_REPORT/images/meme_out_1_motif5_reverse_boot.png,0.4014,,"[(14, 8), (15, 7)]",2,3.23536021909527,TT,AA,TTATATGAA,0.9762095161935226,0.023790483806477414
meme_out_1,5,Reverse,MEME_OUT_REPORT/images/meme_out_1_motif5_reverse_matrix.png,MEME_OUT_REPORT/images/meme_out_1_motif5_reverse_histogram.png,MEME_OUT_REPORT/images/meme_out_1_motif5_reverse_boot.png,0.4014,,"[(15, 8), (16, 7)]",2,3.099808715863902,TT,AA,TTATATGAAA,0.9852059176329468,0.014794082367053152
meme_out_1,5,Reverse,MEME_OUT_REPORT/images/meme_out_1_motif5_reverse_matrix.png,MEME_OUT_REPORT/images/meme_out_1_motif5_reverse_histogram.png,MEME_OUT_REPORT/images/meme_out_1_motif5_reverse_boot.png,0.4014,,"[(16, 8), (17, 7)]",2,2.788317005455903,TT,AA,TTATATGAAAA,0.9984006397441023,0.001599360255897686
meme_out_1,5,Reverse,MEME_OUT_REPORT/images/meme_out_1_motif5_reverse_matrix.png,MEME_OUT_REPORT/images/meme_out_1_motif5_reverse_histogram.png,MEME_OUT_REPORT/images/meme_out_1_motif5_reverse_boot.png,0.4014,,"[(18, 15), (19, 14)]",2,3.2081872102171634,AA,TT,AAAATT,0.9804078368652539,0.0195921631347461
meme_out_1,5,Reverse,MEME_OUT_REPORT/images/meme_out_1_motif5_reverse_matrix.png,MEME_OUT_REPORT/images/meme_out_1_motif5_reverse_histogram.png,MEME_OUT_REPORT/images/meme_out_1_motif5_reverse_boot.png,0.4014,,"[(19, 16), (20, 15)]",2,2.9985772784799583,AA,TT,AAATTT,0.992203118752499,0.007796881247500997
meme_out_1,5,Reverse,MEME_OUT_REPORT/images/meme_out_1_motif5_reverse_matrix.png,MEME_OUT_REPORT/images/meme_out_1_motif5_reverse_histogram.png,MEME_OUT_REPORT/images/meme_out_1_motif5_reverse_boot.png,0.4014,,"[(19, 17), (20, 16)]",2,2.7362487735150496,AA,TT,AATTT,0.9988004798080767,0.0011995201919232645
meme_out_1,5,Reverse,MEME_OUT_REPORT/images/meme_out_1_motif5_reverse_matrix.png,MEME_OUT_REPORT/images/meme_out_1_motif5_reverse_histogram.png,MEME_OUT_REPORT/images/meme_out_1_motif5_reverse_boot.png,0.4014,,"[(22, 4), (23, 3)]",2,3.2984968003630684,AA,TT,AAAGTTATATGAAAATTTGTT,0.9594162335065973,0.04058376649340267
meme_out_1,5,Reverse,MEME_OUT_REPORT/images/meme_out_1_motif5_reverse_matrix.png,MEME_OUT_REPORT/images/meme_out_1_motif5_reverse_histogram.png,MEME_OUT_REPORT/images/meme_out_1_motif5_reverse_boot.png,0.4014,,"[(22, 15), (23, 14)]",2,3.716505200699473,AA,TT,AAAATTTGTT,0.7568972411035586,0.2431027588964414
meme_out_1,5,Reverse,MEME_OUT_REPORT/images/meme_out_1_motif5_reverse_matrix.png,MEME_OUT_REPORT/images/meme_out_1_motif5_reverse_histogram.png,MEME_OUT_REPORT/images/meme_out_1_motif5_reverse_boot.png,0.4014,,"[(23, 4), (24, 3)]",2,3.2984968003630684,AA,TT,AAAGTTATATGAAAATTTGTTT,0.9594162335065973,0.04058376649340267
meme_out_1,5,Reverse,MEME_OUT_REPORT/images/meme_out_1_motif5_reverse_matrix.png,MEME_OUT_REPORT/images/meme_out_1_motif5_reverse_histogram.png,MEME_OUT_REPORT/images/meme_out_1_motif5_reverse_boot.png,0.4014,,"[(23, 17), (24, 16)]",2,3.0400243626598584,AA,TT,AATTTGTTT,0.9904038384646141,0.009596161535385894
meme_out_1,6,Direct,MEME_OUT_REPORT/images/meme_out_1_motif6_direct_matrix.png,MEME_OUT_REPORT/images/meme_out_1_motif6_direct_histogram.png,MEME_OUT_REPORT/images/meme_out_1_motif6_direct_boot.png,0.4725,,"[(15, 4), (16, 5), (17, 6)]",3,5.364286896167579,CGC,CGC,CGCATTAGTCACGC,0.6759296281487405,0.32407037185125953
meme_out_1,6,Direct,MEME_OUT_REPORT/images/meme_out_1_motif6_direct_matrix.png,MEME_OUT_REPORT/images/meme_out_1_motif6_direct_histogram.png,MEME_OUT_REPORT/images/meme_out_1_motif6_direct_boot.png,0.4725,,"[(5, 1), (6, 2)]",2,3.9999999792028142,GC,GC,GCTCGC,0.9904038384646141,0.009596161535385894
meme_out_1,6,Direct,MEME_OUT_REPORT/images/meme_out_1_motif6_direct_matrix.png,MEME_OUT_REPORT/images/meme_out_1_motif6_direct_histogram.png,MEME_OUT_REPORT/images/meme_out_1_motif6_direct_boot.png,0.4725,,"[(12, 3), (13, 4)]",2,3.534702076544307,TC,TC,TCGCATTAGTC,0.9998000799680128,0.00019992003198721076
meme_out_1,6,Direct,MEME_OUT_REPORT/images/meme_out_1_motif6_direct_matrix.png,MEME_OUT_REPORT/images/meme_out_1_motif6_direct_histogram.png,MEME_OUT_REPORT/images/meme_out_1_motif6_direct_boot.png,0.4725,,"[(13, 6), (14, 7)]",2,3.3021024657152163,CA,CA,CATTAGTCA,0.9998000799680128,0.00019992003198721076
meme_out_1,6,Direct,MEME_OUT_REPORT/images/meme_out_1_motif6_direct_matrix.png,MEME_OUT_REPORT/images/meme_out_1_motif6_direct_histogram.png,MEME_OUT_REPORT/images/meme_out_1_motif6_direct_boot.png,0.4725,,"[(16, 1), (17, 2)]",2,3.9999999792028142,GC,GC,GCTCGCATTAGTCACGC,0.9904038384646141,0.009596161535385894
meme_out_1,6,Direct,MEME_OUT_REPORT/images/meme_out_1_motif6_direct_matrix.png,MEME_OUT_REPORT/images/meme_out_1_motif6_direct_histogram.png,MEME_OUT_REPORT/images/meme_out_1_motif6_direct_boot.png,0.4725,,"[(17, 4), (18, 5)]",2,3.9999999792028142,CG,CG,CGCATTAGTCACGCG,0.9904038384646141,0.009596161535385894
meme_out_1,6,Direct,MEME_OUT_REPORT/images/meme_out_1_motif6_direct_matrix.png,MEME_OUT_REPORT/images/meme_out_1_motif6_direct_histogram.png,MEME_OUT_REPORT/images/meme_out_1_motif6_direct_boot.png,0.4725,,"[(17, 15), (18, 16)]",2,3.3642869065661722,CG,CG,CGCG,0.9998000799680128,0.00019992003198721076
meme_out_1,6,Direct,MEME_OUT_REPORT/images/meme_out_1_motif6_direct_matrix.png,MEME_OUT_REPORT/images/meme_out_1_motif6_direct_histogram.png,MEME_OUT_REPORT/images/meme_out_1_motif6_direct_boot.png,0.4725,,"[(19, 10), (20, 11)]",2,3.5348007575446316,AG,AG,AGTCACGCGAG,0.9998000799680128,0.00019992003198721076
meme_out_1,6,Direct,MEME_OUT_REPORT/images/meme_out_1_motif6_direct_matrix.png,MEME_OUT_REPORT/images/meme_out_1_motif6_direct_histogram.png,MEME_OUT_REPORT/images/meme_out_1_motif6_direct_boot.png,0.4725,,"[(20, 1), (21, 2)]",2,3.9999999792028142,GC,GC,GCTCGCATTAGTCACGCGAGC,0.9904038384646141,0.009596161535385894
meme_out_1,6,Direct,MEME_OUT_REPORT/images/meme_out_1_motif6_direct_matrix.png,MEME_OUT_REPORT/images/meme_out_1_motif6_direct_histogram.png,MEME_OUT_REPORT/images/meme_out_1_motif6_direct_boot.png,0.4725,,"[(20, 5), (21, 6)]",2,3.9999999792028142,GC,GC,GCATTAGTCACGCGAGC,0.9904038384646141,0.009596161535385894
meme_out_1,6,Direct,MEME_OUT_REPORT/images/meme_out_1_motif6_direct_matrix.png,MEME_OUT_REPORT/images/meme_out_1_motif6_direct_histogram.png,MEME_OUT_REPORT/images/meme_out_1_motif6_direct_boot.png,0.4725,,"[(20, 16), (21, 17)]",2,3.9999999792028142,GC,GC,GCGAGC,0.9904038384646141,0.009596161535385894
meme_out_1,6,Reverse,MEME_OUT_REPORT/images/meme_out_1_motif6_reverse_matrix.png,MEME_OUT_REPORT/images/meme_out_1_motif6_reverse_histogram.png,MEME_OUT_REPORT/images/meme_out_1_motif6_reverse_boot.png,0.4062,,"[(16, 6), (17, 5), (18, 4), (19, 3), (20, 2), (21, 1), (22, 0)]",7,13.999999927209851,GGCTCGC,GCGAGCC,GGCTCGCATTAGTCACGCGAGCC,0.00019992003198720512,0.9998000799680128
meme_out_1,6,Reverse,MEME_OUT_REPORT/images/meme_out_1_motif6_reverse_matrix.png,MEME_OUT_REPORT/images/meme_out_1_motif6_reverse_histogram.png,MEME_OUT_REPORT/images/meme_out_1_motif6_reverse_boot.png,0.4062,,"[(5, 2), (6, 1)]",2,3.9999999792028142,GC,GC,GCTCGC,0.995201919232307,0.004798080767692947
meme_out_1,6,Reverse,MEME_OUT_REPORT/images/meme_out_1_motif6_reverse_matrix.png,MEME_OUT_REPORT/images/meme_out_1_motif6_reverse_histogram.png,MEME_OUT_REPORT/images/meme_out_1_motif6_reverse_boot.png,0.4062,,"[(10, 3), (11, 2)]",2,3.5348007575446316,CT,AG,CTCGCATTAG,0.9998000799680128,0.00019992003198721076
meme_out_1,6,Reverse,MEME_OUT_REPORT/images/meme_out_1_motif6_reverse_matrix.png,MEME_OUT_REPORT/images/meme_out_1_motif6_reverse_histogram.png,MEME_OUT_REPORT/images/meme_out_1_motif6_reverse_boot.png,0.4062,,"[(16, 2), (17, 1)]",2,3.9999999792028142,GC,GC,GCTCGCATTAGTCACGC,0.995201919232307,0.004798080767692947
meme_out_1,6,Reverse,MEME_OUT_REPORT/images/meme_out_1_motif6_reverse_matrix.png,MEME_OUT_REPORT/images/meme_out_1_motif6_reverse_histogram.png,MEME_OUT_REPORT/images/meme_out_1_motif6_reverse_boot.png,0.4062,,"[(18, 13), (19, 12)]",2,3.534702076544307,TC,GA,TCACGCGA,0.9998000799680128,0.00019992003198721076
meme_out_1,6,Reverse,MEME_OUT_REPORT/images/meme_out_1_motif6_reverse_matrix.png,MEME_OUT_REPORT/images/meme_out_1_motif6_reverse_histogram.png,MEME_OUT_REPORT/images/meme_out_1_motif6_reverse_boot.png,0.4062,,"[(20, 6), (21, 5)]",2,3.9999999792028142,GC,GC,GCATTAGTCACGCGAGC,0.995201919232307,0.004798080767692947
meme_out_1,6,Reverse,MEME_OUT_REPORT/images/meme_out_1_motif6_reverse_matrix.png,MEME_OUT_REPORT/images/meme_out_1_motif6_reverse_histogram.png,MEME_OUT_REPORT/images/meme_out_1_motif6_reverse_boot.png,0.4062,,"[(20, 17), (21, 16)]",2,3.9999999792028142,GC,GC,GCGAGC,0.995201919232307,0.004798080767692947
meme_out_1,7,Direct,MEME_OUT_REPORT/images/meme_out_1_motif7_direct_matrix.png,MEME_OUT_REPORT/images/meme_out_1_motif7_direct_histogram.png,MEME_OUT_REPORT/images/meme_out_1_motif7_direct_boot.png,0.3429,,"[(7, 1), (8, 2)]",2,2.7811185379992556,AA,AA,AATCGTAA,0.7746901239504198,0.2253098760495802
meme_out_1,7,Direct,MEME_OUT_REPORT/images/meme_out_1_motif7_direct_matrix.png,MEME_OUT_REPORT/images/meme_out_1_motif7_direct_histogram.png,MEME_OUT_REPORT/images/meme_out_1_motif7_direct_boot.png,0.3429,,"[(8, 1), (9, 2)]",2,2.7811185379992556,AA,AA,AATCGTAAA,0.7746901239504198,0.2253098760495802
meme_out_1,7,Direct,MEME_OUT_REPORT/images/meme_out_1_motif7_direct_matrix.png,MEME_OUT_REPORT/images/meme_out_1_motif7_direct_histogram.png,MEME_OUT_REPORT/images/meme_out_1_motif7_direct_boot.png,0.3429,,"[(8, 7), (9, 8)]",2,3.9999999792028142,AA,AA,AAA,0.14594162335065974,0.8540583766493403
meme_out_1,7,Direct,MEME_OUT_REPORT/images/meme_out_1_motif7_direct_matrix.png,MEME_OUT_REPORT/images/meme_out_1_motif7_direct_histogram.png,MEME_OUT_REPORT/images/meme_out_1_motif7_direct_boot.png,0.3429,,"[(10, 0), (11, 1)]",2,2.4938672470077123,GA,GA,GAATCGTAAAGA,0.9200319872051179,0.07996801279488208
meme_out_1,7,Direct,MEME_OUT_REPORT/images/meme_out_1_motif7_direct_matrix.png,MEME_OUT_REPORT/images/meme_out_1_motif7_direct_histogram.png,MEME_OUT_REPORT/images/meme_out_1_motif7_direct_boot.png,0.3429,,"[(11, 9), (12, 10)]",2,3.106306258944473,AG,AG,AGAG,0.6021591363454618,0.3978408636545382
meme_out_1,7,Reverse,MEME_OUT_REPORT/images/meme_out_1_motif7_reverse_matrix.png,MEME_OUT_REPORT/images/meme_out_1_motif7_reverse_histogram.png,MEME_OUT_REPORT/images/meme_out_1_motif7_reverse_boot.png,0.4308,,"[(3, 1), (4, 0)]",2,2.2640311176789445,GA,TC,GAATC,0.914234306277489,0.08576569372251097
meme_out_1,7,Reverse,MEME_OUT_REPORT/images/meme_out_1_motif7_reverse_matrix.png,MEME_OUT_REPORT/images/meme_out_1_motif7_reverse_histogram.png,MEME_OUT_REPORT/images/meme_out_1_motif7_reverse_boot.png,0.4308,,"[(10, 4), (11, 3)]",2,3.0932719101331987,TC,GA,TCGTAAAGA,0.4792083166733307,0.5207916833266693
meme_out_1,7,Reverse,MEME_OUT_REPORT/images/meme_out_1_motif7_reverse_matrix.png,MEME_OUT_REPORT/images/meme_out_1_motif7_reverse_histogram.png,MEME_OUT_REPORT/images/meme_out_1_motif7_reverse_boot.png,0.4308,,"[(24, 10), (25, 9)]",2,2.369444804086054,AG,CT,AGAGCGAAATTTACACT,0.8944422231107557,0.10555777688924428
meme_out_1,8,Direct,MEME_OUT_REPORT/images/meme_out_1_motif8_direct_matrix.png,MEME_OUT_REPORT/images/meme_out_1_motif8_direct_histogram.png,MEME_OUT_REPORT/images/meme_out_1_motif8_direct_boot.png,0.353,,"[(3, 0), (4, 1)]",2,3.2552455935630826,AT,AT,ATGAT,0.500999600159936,0.49900039984006395
meme_out_1,8,Direct,MEME_OUT_REPORT/images/meme_out_1_motif8_direct_matrix.png,MEME_OUT_REPORT/images/meme_out_1_motif8_direct_histogram.png,MEME_OUT_REPORT/images/meme_out_1_motif8_direct_boot.png,0.353,,"[(10, 0), (11, 1)]",2,3.45673435777712,AT,AT,ATGATAGGGGAT,0.3126749300279888,0.6873250699720113
meme_out_1,8,Direct,MEME_OUT_REPORT/images/meme_out_1_motif8_direct_matrix.png,MEME_OUT_REPORT/images/meme_out_1_motif8_direct_histogram.png,MEME_OUT_REPORT/images/meme_out_1_motif8_direct_boot.png,0.353,,"[(10, 3), (11, 4)]",2,3.11132987977151,AT,AT,ATAGGGGAT,0.6433426629348261,0.3566573370651739
meme_out_1,8,Direct,MEME_OUT_REPORT/images/meme_out_1_motif8_direct_matrix.png,MEME_OUT_REPORT/images/meme_out_1_motif8_direct_histogram.png,MEME_OUT_REPORT/images/meme_out_1_motif8_direct_boot.png,0.353,,"[(12, 11), (13, 12)]",2,2.3451539783073962,TT,TT,TTT,0.9618152738904439,0.038184726109556144
meme_out_1,8,Direct,MEME_OUT_REPORT/images/meme_out_1_motif8_direct_matrix.png,MEME_OUT_REPORT/images/meme_out_1_motif8_direct_histogram.png,MEME_OUT_REPORT/images/meme_out_1_motif8_direct_boot.png,0.353,,"[(22, 11), (23, 12)]",2,2.3115786944140173,TT,TT,TTTTACTGCGATT,0.963014794082367,0.03698520591763299
meme_out_1,8,Reverse,MEME_OUT_REPORT/images/meme_out_1_motif8_reverse_matrix.png,MEME_OUT_REPORT/images/meme_out_1_motif8_reverse_histogram.png,MEME_OUT_REPORT/images/meme_out_1_motif8_reverse_boot.png,0.3536,,"[(3, 1), (4, 0)]",2,3.3797264332282753,AT,AT,ATGAT,0.31787285085965616,0.6821271491403438
meme_out_1,8,Reverse,MEME_OUT_REPORT/images/meme_out_1_motif8_reverse_matrix.png,MEME_OUT_REPORT/images/meme_out_1_motif8_reverse_histogram.png,MEME_OUT_REPORT/images/meme_out_1_motif8_reverse_boot.png,0.3536,,"[(10, 1), (11, 0)]",2,3.4606813602583895,AT,AT,ATGATAGGGGAT,0.2265093962415034,0.7734906037584965
meme_out_1,8,Reverse,MEME_OUT_REPORT/images/meme_out_1_motif8_reverse_matrix.png,MEME_OUT_REPORT/images/meme_out_1_motif8_reverse_histogram.png,MEME_OUT_REPORT/images/meme_out_1_motif8_reverse_boot.png,0.3536,,"[(10, 4), (11, 3)]",2,3.2881656931581382,AT,AT,ATAGGGGAT,0.41543382646941224,0.5845661735305878
meme_out_1,8,Reverse,MEME_OUT_REPORT/images/meme_out_1_motif8_reverse_matrix.png,MEME_OUT_REPORT/images/meme_out_1_motif8_reverse_histogram.png,MEME_OUT_REPORT/images/meme_out_1_motif8_reverse_boot.png,0.3536,,"[(22, 11), (23, 10)]",2,2.621234408936239,AT,TT,ATTTTACTGCGATT,0.782686925229908,0.21731307477009199
meme_out_1,9,Direct,MEME_OUT_REPORT/images/meme_out_1_motif9_direct_matrix.png,MEME_OUT_REPORT/images/meme_out_1_motif9_direct_histogram.png,MEME_OUT_REPORT/images/meme_out_1_motif9_direct_boot.png,0.4787,,"[(3, 0), (4, 1)]",2,3.716505200699473,AT,AT,ATAAT,0.31507397041183527,0.6849260295881647
meme_out_1,9,Direct,MEME_OUT_REPORT/images/meme_out_1_motif9_direct_matrix.png,MEME_OUT_REPORT/images/meme_out_1_motif9_direct_histogram.png,MEME_OUT_REPORT/images/meme_out_1_motif9_direct_boot.png,0.4787,,"[(10, 5), (11, 6)]",2,2.2594650862504713,GC,GC,GCATAGC,0.9414234306277489,0.058576569372251086
meme_out_1,9,Direct,MEME_OUT_REPORT/images/meme_out_1_motif9_direct_matrix.png,MEME_OUT_REPORT/images/meme_out_1_motif9_direct_histogram.png,MEME_OUT_REPORT/images/meme_out_1_motif9_direct_boot.png,0.4787,,"[(14, 4), (15, 5)]",2,2.935668388293635,TG,TG,TGCATAGCGTTG,0.8028788484606157,0.19712115153938425
meme_out_1,9,Direct,MEME_OUT_REPORT/images/meme_out_1_motif9_direct_matrix.png,MEME_OUT_REPORT/images/meme_out_1_motif9_direct_histogram.png,MEME_OUT_REPORT/images/meme_out_1_motif9_direct_boot.png,0.4787,,"[(19, 2), (20, 3)]",2,3.188602901749432,AA,AA,AATGCATAGCGTTGATTAA,0.6765293882447021,0.3234706117552979
meme_out_1,9,Reverse,MEME_OUT_REPORT/images/meme_out_1_motif9_reverse_matrix.png,MEME_OUT_REPORT/images/meme_out_1_motif9_reverse_histogram.png,MEME_OUT_REPORT/images/meme_out_1_motif9_reverse_boot.png,0.3534,,"[(3, 1), (4, 0)]",2,3.716505200699473,AT,AT,ATAAT,0.41923230707716913,0.5807676929228309
meme_out_1,9,Reverse,MEME_OUT_REPORT/images/meme_out_1_motif9_reverse_matrix.png,MEME_OUT_REPORT/images/meme_out_1_motif9_reverse_histogram.png,MEME_OUT_REPORT/images/meme_out_1_motif9_reverse_boot.png,0.3534,,"[(10, 6), (11, 5)]",2,2.2594650862504713,GC,GC,GCATAGC,0.9694122351059576,0.030587764894042357
meme_out_1,9,Reverse,MEME_OUT_REPORT/images/meme_out_1_motif9_reverse_matrix.png,MEME_OUT_REPORT/images/meme_out_1_motif9_reverse_histogram.png,MEME_OUT_REPORT/images/meme_out_1_motif9_reverse_boot.png,0.3534,,"[(13, 3), (14, 2)]",2,3.325877789270991,AA,TT,AATGCATAGCGTT,0.6845261895241903,0.3154738104758097
meme_out_1,9,Reverse,MEME_OUT_REPORT/images/meme_out_1_motif9_reverse_matrix.png,MEME_OUT_REPORT/images/meme_out_1_motif9_reverse_histogram.png,MEME_OUT_REPORT/images/meme_out_1_motif9_reverse_boot.png,0.3534,,"[(19, 14), (20, 13)]",2,2.5144807118176087,TT,AA,TTGATTAA,0.9516193522590963,0.04838064774090367
meme_out_1,10,Direct,MEME_OUT_REPORT/images/meme_out_1_motif10_direct_matrix.png,MEME_OUT_REPORT/images/meme_out_1_motif10_direct_histogram.png,MEME_OUT_REPORT/images/meme_out_1_motif10_direct_boot.png,0.3289,,"[(13, 0), (14, 1)]",2,2.850534592794146,GA,GA,GAAGTTACTGCTAGA,0.4832067173130748,0.5167932826869253
meme_out_1,10,Direct,MEME_OUT_REPORT/images/meme_out_1_motif10_direct_matrix.png,MEME_OUT_REPORT/images/meme_out_1_motif10_direct_histogram.png,MEME_OUT_REPORT/images/meme_out_1_motif10_direct_boot.png,0.3289,,"[(16, 15), (17, 16)]",2,2.527119172791485,TT,TT,TTT,0.7179128348660536,0.2820871651339464
meme_out_1,10,Reverse,MEME_OUT_REPORT/images/meme_out_1_motif10_reverse_matrix.png,MEME_OUT_REPORT/images/meme_out_1_motif10_reverse_histogram.png,MEME_OUT_REPORT/images/meme_out_1_motif10_reverse_boot.png,0.4634,,"[(16, 2), (17, 1)]",2,2.8230649219206922,AA,TT,AAGTTACTGCTAGATTT,0.6971211515393843,0.30287884846061575
meme_out_1,10,Reverse,MEME_OUT_REPORT/images/meme_out_1_motif10_reverse_matrix.png,MEME_OUT_REPORT/images/meme_out_1_motif10_reverse_histogram.png,MEME_OUT_REPORT/images/meme_out_1_motif10_reverse_boot.png,0.4634,,"[(24, 9), (25, 8)]",2,2.948929497316022,TG,CA,TGCTAGATTTGCCCGCCA,0.539984006397441,0.46001599360255896
meme_out_2,1,Direct,MEME_OUT_REPORT/images/meme_out_2_motif1_direct_matrix.png,MEME_OUT_REPORT/images/meme_out_2_motif1_direct_histogram.png,MEME_OUT_REPORT/images/meme_out_2_motif1_direct_boot.png,0.3942,,"[(9, 4), (10, 5)]",2,3.653598718276511,AG,AG,AGTTGAG,0.9966013594562175,0.003398640543782472
meme_out_2,1,Direct,MEME_OUT_REPORT/images/meme_out_2_motif1_direct_matrix.png,MEME_OUT_REPORT/images/meme_out_2_motif1_direct_histogram.png,MEME_OUT_REPORT/images/meme_out_2_motif1_direct_boot.png,0.3942,,"[(13, 2), (14, 3)]",2,3.301763353924937,AT,AT,ATAGTTGAGCTAT,0.9998000799680128,0.00019992003198721076
meme_out_2,1,Direct,MEME_OUT_REPORT/images/meme_out_2_motif1_direct_matrix.png,MEME_OUT_REPORT/images/meme_out_2_motif1_direct_histogram.png,MEME_OUT_REPORT/images/meme_out_2_motif1_direct_boot.png,0.3942,,"[(14, 6), (15, 7)]",2,3.9999999792028142,TT,TT,TTGAGCTATT,0.8386645341863255,0.16133546581367453
meme_out_2,1,Direct,MEME_OUT_REPORT/images/meme_out_2_motif1_direct_matrix.png,MEME_OUT_REPORT/images/meme_out_2_motif1_direct_histogram.png,MEME_OUT_REPORT/images/meme_out_2_motif1_direct_boot.png,0.3942,,"[(15, 6), (16, 7)]",2,3.9999999792028142,TT,TT,TTGAGCTATTT,0.8386645341863255,0.16133546581367453
meme_out_2,1,Direct,MEME_OUT_REPORT/images/meme_out_2_motif1_direct_matrix.png,MEME_OUT_REPORT/images/meme_out_2_motif1_direct_histogram.png,MEME_OUT_REPORT/images/meme_out_2_motif1_direct_boot.png,0.3942,,"[(15, 14), (16, 15)]",2,3.9999999792028142,TT,TT,TTT,0.8386645341863255,0.16133546581367453
meme_out_2,1,Direct,MEME_OUT_REPORT/images/meme_out_2_motif1_direct_matrix.png,MEME_OUT_REPORT/images/meme_out_2_motif1_direct_histogram.png,MEME_OUT_REPORT/images/meme_out_2_motif1_direct_boot.png,0.3942,,"[(19, 17), (20, 18)]",2,3.468001064934594,CA,CA,CACA,0.9996001599360256,0.0003998400639744215
meme_out_2,1,Direct,MEME_OUT_REPORT/images/meme_out_2_motif1_direct_matrix.png,MEME_OUT_REPORT/images/meme_out_2_motif1_direct_histogram.png,MEME_OUT_REPORT/images/meme_out_2_motif1_direct_boot.png,0.3942,,"[(24, 6), (25, 7)]",2,3.5644489592627338,TT,TT,TTGAGCTATTTCACACAATT,0.999000399840064,0.0009996001599360538
meme_out_2,1,Direct,MEME_OUT_REPORT/images/meme_out_2_motif1_direct_matrix.png,MEME_OUT_REPORT/images/meme_out_2_motif1_direct_histogram.png,MEME_OUT_REPORT/images/meme_out_2_motif1_direct_boot.png,0.3942,,"[(24, 14), (25, 15)]",2,3.5644489592627338,TT,TT,TTTCACACAATT,0.999000399840064,0.0009996001599360538
meme_out_2,1,Direct,MEME_OUT_REPORT/images/meme_out_2_motif1_direct_matrix.png,MEME_OUT_REPORT/images/meme_out_2_motif1_direct_histogram.png,MEME_OUT_REPORT/images/meme_out_2_motif1_direct_boot.png,0.3942,,"[(24, 15), (25, 16)]",2,3.5644489592627338,TT,TT,TTCACACAATT,0.999000399840064,0.0009996001599360538
meme_out_2,1,Reverse,MEME_OUT_REPORT/images/meme_out_2_motif1_reverse_matrix.png,MEME_OUT_REPORT/images/meme_out_2_motif1_reverse_histogram.png,MEME_OUT_REPORT/images/meme_out_2_motif1_reverse_boot.png,0.4222,,"[(13, 3), (14, 2), (15, 1)]",3,5.217050114025766,AAT,ATT,AATAGTTGAGCTATT,0.617952818872451,0.382047181127549
meme_out_2,1,Reverse,MEME_OUT_REPORT/images/meme_out_2_motif1_reverse_matrix.png,MEME_OUT_REPORT/images/meme_out_2_motif1_reverse_histogram.png,MEME_OUT_REPORT/images/meme_out_2_motif1_reverse_boot.png,0.4222,,"[(16, 9), (17, 8), (18, 7)]",3,5.9307880524289525,TGA,TCA,TGAGCTATTTCA,0.18832467013194723,0.8116753298680528
meme_out_2,1,Reverse,MEME_OUT_REPORT/images/meme_out_2_motif1_reverse_matrix.png,MEME_OUT_REPORT/images/meme_out_2_motif1_reverse_histogram.png,MEME_OUT_REPORT/images/meme_out_2_motif1_reverse_boot.png,0.4222,,"[(6, 2), (7, 1)]",2,3.3554750835504024,AA,TT,AATAGTT,0.9998000799680128,0.00019992003198721076
meme_out_2,1,Reverse,MEME_OUT_REPORT/images/meme_out_2_motif1_reverse_matrix.png,MEME_OUT_REPORT/images/meme_out_2_motif1_reverse_histogram.png,MEME_OUT_REPORT/images/meme_out_2_motif1_reverse_boot.png,0.4222,,"[(15, 2), (16, 1)]",2,3.3554750835504024,AA,TT,AATAGTTGAGCTATTT,0.9998000799680128,0.00019992003198721076
meme_out_2,1,Reverse,MEME_OUT_REPORT/images/meme_out_2_motif1_reverse_matrix.png,MEME_OUT_REPORT/images/meme_out_2_motif1_reverse_histogram.png,MEME_OUT_REPORT/images/meme_out_2_motif1_reverse_boot.png,0.4222,,"[(18, 6), (19, 5)]",2,3.7576034605126267,GT,AC,GTTGAGCTATTTCAC,0.9788084766093562,0.021191523390643785
meme_out_2,1,Reverse,MEME_OUT_REPORT/images/meme_out_2_motif1_reverse_matrix.png,MEME_OUT_REPORT/images/meme_out_2_motif1_reverse_histogram.png,MEME_OUT_REPORT/images/meme_out_2_motif1_reverse_boot.png,0.4222,,"[(19, 8), (20, 7)]",2,3.4839664709757914,TG,CA,TGAGCTATTTCACA,0.9994002399040384,0.0005997600959616323
meme_out_2,1,Reverse,MEME_OUT_REPORT/images/meme_out_2_motif1_reverse_matrix.png,MEME_OUT_REPORT/images/meme_out_2_motif1_reverse_histogram.png,MEME_OUT_REPORT/images/meme_out_2_motif1_reverse_boot.png,0.4222,,"[(24, 2), (25, 1)]",2,3.10366439702333,AA,TT,AATAGTTGAGCTATTTCACACAATT,0.9998000799680128,0.00019992003198721076
meme_out_2,2,Direct,MEME_OUT_REPORT/images/meme_out_2_motif2_direct_matrix.png,MEME_OUT_REPORT/images/meme_out_2_motif2_direct_histogram.png,MEME_OUT_REPORT/images/meme_out_2_motif2_direct_boot.png,0.3155,,"[(14, 3), (15, 4), (16, 5), (17, 6)]",4,7.870755552468601,TTCA,TTCA,TTCACTTTCTATTCA,0.0005997600959616154,0.9994002399040384
meme_out_2,2,Direct,MEME_OUT_REPORT/images/meme_out_2_motif2_direct_matrix.png,MEME_OUT_REPORT/images/meme_out_2_motif2_direct_histogram.png,MEME_OUT_REPORT/images/meme_out_2_motif2_direct_boot.png,0.3155,,"[(9, 3), (10, 4)]",2,2.9208135015852834,TT,TT,TTCACTTT,0.7219112355057977,0.2780887644942023
meme_out_2,2,Direct,MEME_OUT_REPORT/images/meme_out_2_motif2_direct_matrix.png,MEME_OUT_REPORT/images/meme_out_2_motif2_direct_histogram.png,MEME_OUT_REPORT/images/meme_out_2_motif2_direct_boot.png,0.3155,,"[(14, 9), (15, 10)]",2,2.9208135015852834,TT,TT,TTCTATT,0.7219112355057977,0.2780887644942023
meme_out_2,2,Direct,MEME_OUT_REPORT/images/meme_out_2_motif2_direct_matrix.png,MEME_OUT_REPORT/images/meme_out_2_motif2_direct_histogram.png,MEME_OUT_REPORT/images/meme_out_2_motif2_direct_boot.png,0.3155,,"[(17, 2), (18, 3)]",2,2.5191210900625274,AT,AT,ATTCACTTTCTATTCAT,0.8320671731307477,0.16793282686925226
meme_out_2,2,Reverse,MEME_OUT_REPORT/images/meme_out_2_motif2_reverse_matrix.png,MEME_OUT_REPORT/images/meme_out_2_motif2_reverse_histogram.png,MEME_OUT_REPORT/images/meme_out_2_motif2_reverse_boot.png,0.4596,"[meme_out_2_motif2]: No diagonal candidates were possible at the selected 80% threshold for IMPORTS/meme_out_2/meme.xml, automatically reduced to 75%, at value 0.7806902948921579.","[(13, 3), (14, 2)]",2,2.094647710760816,AT,AT,ATTCACTTTCTAT,0.8084766093562575,0.19152339064374246
meme_out_2,2,Reverse,MEME_OUT_REPORT/images/meme_out_2_motif2_reverse_matrix.png,MEME_OUT_REPORT/images/meme_out_2_motif2_reverse_histogram.png,MEME_OUT_REPORT/images/meme_out_2_motif2_reverse_boot.png,0.4596,"[meme_out_2_motif2]: No diagonal candidates were possible at the selected 80% threshold for IMPORTS/meme_out_2/meme.xml, automatically reduced to 75%, at value 0.7806902948921579.","[(17, 3), (18, 2)]",2,2.8423408386865483,AT,AT,ATTCACTTTCTATTCAT,0.5483806477409037,0.45161935225909633
meme_out_2,3,Direct,MEME_OUT_REPORT/images/meme_out_2_motif3_direct_matrix.png,MEME_OUT_REPORT/images/meme_out_2_motif3_direct_histogram.png,MEME_OUT_REPORT/images/meme_out_2_motif3_direct_boot.png,0.3661,,"[(7, 4), (8, 5)]",2,2.9341522777074736,TC,TC,TCATC,0.9926029588164734,0.007397041183526576
meme_out_2,3,Direct,MEME_OUT_REPORT/images/meme_out_2_motif3_direct_matrix.png,MEME_OUT_REPORT/images/meme_out_2_motif3_direct_histogram.png,MEME_OUT_REPORT/images/meme_out_2_motif3_direct_boot.png,0.3661,,"[(8, 3), (9, 4)]",2,3.113557991640988,CT,CT,CTCATCT,0.9794082367053178,0.020591763294682153
meme_out_2,3,Direct,MEME_OUT_REPORT/images/meme_out_2_motif3_direct_matrix.png,MEME_OUT_REPORT/images/meme_out_2_motif3_direct_histogram.png,MEME_OUT_REPORT/images/meme_out_2_motif3_direct_boot.png,0.3661,,"[(22, 17), (23, 18)]",2,3.363032508431253,GT,GT,GTCGGGT,0.9124350259896041,0.08756497401039587
meme_out_2,3,Direct,MEME_OUT_REPORT/images/meme_out_2_motif3_direct_matrix.png,MEME_OUT_REPORT/images/meme_out_2_motif3_direct_histogram.png,MEME_OUT_REPORT/images/meme_out_2_motif3_direct_boot.png,0.3661,,"[(23, 0), (24, 1)]",2,3.9999999792028142,TA,TA,TACCTCATCTTTTTTAAGTCGGGTA,0.51359456217513,0.48640543782487
meme_out_2,3,Direct,MEME_OUT_REPORT/images/meme_out_2_motif3_direct_matrix.png,MEME_OUT_REPORT/images/meme_out_2_motif3_direct_histogram.png,MEME_OUT_REPORT/images/meme_out_2_motif3_direct_boot.png,0.3661,,"[(24, 6), (25, 7)]",2,2.8076424291170006,AT,AT,ATCTTTTTTAAGTCGGGTAT,0.997001199520192,0.0029988004798080503
meme_out_2,3,Reverse,MEME_OUT_REPORT/images/meme_out_2_motif3_reverse_matrix.png,MEME_OUT_REPORT/images/meme_out_2_motif3_reverse_histogram.png,MEME_OUT_REPORT/images/meme_out_2_motif3_reverse_boot.png,0.3612,,"[(21, 3), (22, 2), (23, 1), (24, 0)]",4,7.337410084739699,TACC,GGTA,TACCTCATCTTTTTTAAGTCGGGTA,0.001599360255897641,0.9984006397441023
meme_out_2,3,Reverse,MEME_OUT_REPORT/images/meme_out_2_motif3_reverse_matrix.png,MEME_OUT_REPORT/images/meme_out_2_motif3_reverse_histogram.png,MEME_OUT_REPORT/images/meme_out_2_motif3_reverse_boot.png,0.3612,,"[(17, 2), (18, 1)]",2,3.6067253749968615,AC,GT,ACCTCATCTTTTTTAAGT,0.5225909636145541,0.47740903638544585
meme_out_2,3,Reverse,MEME_OUT_REPORT/images/meme_out_2_motif3_reverse_matrix.png,MEME_OUT_REPORT/images/meme_out_2_motif3_reverse_histogram.png,MEME_OUT_REPORT/images/meme_out_2_motif3_reverse_boot.png,0.3612,,"[(24, 7), (25, 6)]",2,2.8083681104061213,AT,AT,ATCTTTTTTAAGTCGGGTAT,0.9752099160335865,0.024790083966413468
meme_out_2,4,Direct,MEME_OUT_REPORT/images/meme_out_2_motif4_direct_matrix.png,MEME_OUT_REPORT/images/meme_out_2_motif4_direct_histogram.png,MEME_OUT_REPORT/images/meme_out_2_motif4_direct_boot.png,0.3635,,"[(9, 0), (10, 1)]",2,1.7776482268329785,AA,AA,AACATTACAAA,0.994202319072371,0.005797680927629001
meme_out_2,4,Direct,MEME_OUT_REPORT/images/meme_out_2_motif4_direct_matrix.png,MEME_OUT_REPORT/images/meme_out_2_motif4_direct_histogram.png,MEME_OUT_REPORT/images/meme_out_2_motif4_direct_boot.png,0.3635,,"[(15, 5), (16, 6)]",2,2.5049539642882674,TA,TA,TACAAATTTGTA,0.9370251899240304,0.06297481007596961
meme_out_2,4,Direct,MEME_OUT_REPORT/images/meme_out_2_motif4_direct_matrix.png,MEME_OUT_REPORT/images/meme_out_2_motif4_direct_histogram.png,MEME_OUT_REPORT/images/meme_out_2_motif4_direct_boot.png,0.3635,,"[(17, 3), (18, 4)]",2,3.22268386994637,AT,AT,ATTACAAATTTGTAAT,0.4280287884846062,0.5719712115153939
meme_out_2,4,Direct,MEME_OUT_REPORT/images/meme_out_2_motif4_direct_matrix.png,MEME_OUT_REPORT/images/meme_out_2_motif4_direct_histogram.png,MEME_OUT_REPORT/images/meme_out_2_motif4_direct_boot.png,0.3635,,"[(20, 4), (21, 5)]",2,2.6784097778554203,TT,TT,TTACAAATTTGTAATGTT,0.846061575369852,0.15393842463014795
meme_out_2,4,Reverse,MEME_OUT_REPORT/images/meme_out_2_motif4_reverse_matrix.png,MEME_OUT_REPORT/images/meme_out_2_motif4_reverse_histogram.png,MEME_OUT_REPORT/images/meme_out_2_motif4_reverse_boot.png,0.3571,,"[(14, 7), (15, 6), (16, 5), (17, 4), (18, 3)]",5,7.322963406131982,ATTAC,GTAAT,ATTACAAATTTGTAAT,0.00019992003198720512,0.9998000799680128
meme_out_2,4,Reverse,MEME_OUT_REPORT/images/meme_out_2_motif4_reverse_matrix.png,MEME_OUT_REPORT/images/meme_out_2_motif4_reverse_histogram.png,MEME_OUT_REPORT/images/meme_out_2_motif4_reverse_boot.png,0.3571,,"[(20, 1), (21, 0)]",2,2.4926066158874054,AA,TT,AACATTACAAATTTGTAATGTT,0.9394242303078768,0.060575769692123194
meme_out_2,4,Reverse,MEME_OUT_REPORT/images/meme_out_2_motif4_reverse_matrix.png,MEME_OUT_REPORT/images/meme_out_2_motif4_reverse_histogram.png,MEME_OUT_REPORT/images/meme_out_2_motif4_reverse_boot.png,0.3571,,"[(20, 17), (21, 16)]",2,2.704141522685244,AA,TT,AATGTT,0.8476609356257497,0.15233906437425027
meme_out_2,5,Direct,MEME_OUT_REPORT/images/meme_out_2_motif5_direct_matrix.png,MEME_OUT_REPORT/images/meme_out_2_motif5_direct_histogram.png,MEME_OUT_REPORT/images/meme_out_2_motif5_direct_boot.png,0.5661,,"[(15, 4), (16, 5), (17, 6)]",3,5.615765742959302,CGC,CGC,CGCATTAGTCACGC,0.6295481807277089,0.3704518192722911
meme_out_2,5,Direct,MEME_OUT_REPORT/images/meme_out_2_motif5_direct_matrix.png,MEME_OUT_REPORT/images/meme_out_2_motif5_direct_histogram.png,MEME_OUT_REPORT/images/meme_out_2_motif5_direct_boot.png,0.5661,,"[(5, 1), (6, 2)]",2,3.9999999792028142,GC,GC,GCTCGC,0.9988004798080767,0.0011995201919232645
meme_out_2,5,Direct,MEME_OUT_REPORT/images/meme_out_2_motif5_direct_matrix.png,MEME_OUT_REPORT/images/meme_out_2_motif5_direct_histogram.png,MEME_OUT_REPORT/images/meme_out_2_motif5_direct_boot.png,0.5661,,"[(12, 3), (13, 4)]",2,3.5569422282058367,TC,TC,TCGCATTAGTC,0.9998000799680128,0.00019992003198721076
meme_out_2,5,Direct,MEME_OUT_REPORT/images/meme_out_2_motif5_direct_matrix.png,MEME_OUT_REPORT/images/meme_out_2_motif5_direct_histogram.png,MEME_OUT_REPORT/images/meme_out_2_motif5_direct_boot.png,0.5661,,"[(13, 6), (14, 7)]",2,3.5569422282058367,CA,CA,CATTAGTCA,0.9998000799680128,0.00019992003198721076
meme_out_2,5,Direct,MEME_OUT_REPORT/images/meme_out_2_motif5_direct_matrix.png,MEME_OUT_REPORT/images/meme_out_2_motif5_direct_histogram.png,MEME_OUT_REPORT/images/meme_out_2_motif5_direct_boot.png,0.5661,,"[(16, 1), (17, 2)]",2,3.9999999792028142,GC,GC,GCTCGCATTAGTCACGC,0.9988004798080767,0.0011995201919232645
meme_out_2,5,Direct,MEME_OUT_REPORT/images/meme_out_2_motif5_direct_matrix.png,MEME_OUT_REPORT/images/meme_out_2_motif5_direct_histogram.png,MEME_OUT_REPORT/images/meme_out_2_motif5_direct_boot.png,0.5661,,"[(17, 4), (18, 5)]",2,3.9999999792028142,CG,CG,CGCATTAGTCACGCG,0.9988004798080767,0.0011995201919232645
meme_out_2,5,Direct,MEME_OUT_REPORT/images/meme_out_2_motif5_direct_matrix.png,MEME_OUT_REPORT/images/meme_out_2_motif5_direct_histogram.png,MEME_OUT_REPORT/images/meme_out_2_motif5_direct_boot.png,0.5661,,"[(17, 15), (18, 16)]",2,3.615765753357895,CG,CG,CGCG,0.9998000799680128,0.00019992003198721076
meme_out_2,5,Direct,MEME_OUT_REPORT/images/meme_out_2_motif5_direct_matrix.png,MEME_OUT_REPORT/images/meme_out_2_motif5_direct_histogram.png,MEME_OUT_REPORT/images/meme_out_2_motif5_direct_boot.png,0.5661,,"[(19, 10), (20, 11)]",2,3.557023927784502,AG,AG,AGTCACGCGAG,0.9998000799680128,0.00019992003198721076
meme_out_2,5,Direct,MEME_OUT_REPORT/images/meme_out_2_motif5_direct_matrix.png,MEME_OUT_REPORT/images/meme_out_2_motif5_direct_histogram.png,MEME_OUT_REPORT/images/meme_out_2_motif5_direct_boot.png,0.5661,,"[(20, 1), (21, 2)]",2,3.9999999792028142,GC,GC,GCTCGCATTAGTCACGCGAGC,0.9988004798080767,0.0011995201919232645
meme_out_2,5,Direct,MEME_OUT_REPORT/images/meme_out_2_motif5_direct_matrix.png,MEME_OUT_REPORT/images/meme_out_2_motif5_direct_histogram.png,MEME_OUT_REPORT/images/meme_out_2_motif5_direct_boot.png,0.5661,,"[(20, 5), (21, 6)]",2,3.9999999792028142,GC,GC,GCATTAGTCACGCGAGC,0.9988004798080767,0.0011995201919232645
meme_out_2,5,Direct,MEME_OUT_REPORT/images/meme_out_2_motif5_direct_matrix.png,MEME_OUT_REPORT/images/meme_out_2_motif5_direct_histogram.png,MEME_OUT_REPORT/images/meme_out_2_motif5_direct_boot.png,0.5661,,"[(20, 16), (21, 17)]",2,3.9999999792028142,GC,GC,GCGAGC,0.9988004798080767,0.0011995201919232645
meme_out_2,5,Reverse,MEME_OUT_REPORT/images/meme_out_2_motif5_reverse_matrix.png,MEME_OUT_REPORT/images/meme_out_2_motif5_reverse_histogram.png,MEME_OUT_REPORT/images/meme_out_2_motif5_reverse_boot.png,0.3932,,"[(16, 6), (17, 5), (18, 4), (19, 3), (20, 2), (21, 1), (22, 0)]",7,13.999999927209851,GGCTCGC,GCGAGCC,GGCTCGCATTAGTCACGCGAGCC,0.00019992003198720512,0.9998000799680128
meme_out_2,5,Reverse,MEME_OUT_REPORT/images/meme_out_2_motif5_reverse_matrix.png,MEME_OUT_REPORT/images/meme_out_2_motif5_reverse_histogram.png,MEME_OUT_REPORT/images/meme_out_2_motif5_reverse_boot.png,0.3932,,"[(5, 2), (6, 1)]",2,3.9999999792028142,GC,GC,GCTCGC,0.9974010395841664,0.002598960415833629
meme_out_2,5,Reverse,MEME_OUT_REPORT/images/meme_out_2_motif5_reverse_matrix.png,MEME_OUT_REPORT/images/meme_out_2_motif5_reverse_histogram.png,MEME_OUT_REPORT/images/meme_out_2_motif5_reverse_boot.png,0.3932,,"[(10, 3), (11, 2)]",2,3.557023927784502,CT,AG,CTCGCATTAG,0.9996001599360256,0.0003998400639744215
meme_out_2,5,Reverse,MEME_OUT_REPORT/images/meme_out_2_motif5_reverse_matrix.png,MEME_OUT_REPORT/images/meme_out_2_motif5_reverse_histogram.png,MEME_OUT_REPORT/images/meme_out_2_motif5_reverse_boot.png,0.3932,,"[(16, 2), (17, 1)]",2,3.9999999792028142,GC,GC,GCTCGCATTAGTCACGC,0.9974010395841664,0.002598960415833629
meme_out_2,5,Reverse,MEME_OUT_REPORT/images/meme_out_2_motif5_reverse_matrix.png,MEME_OUT_REPORT/images/meme_out_2_motif5_reverse_histogram.png,MEME_OUT_REPORT/images/meme_out_2_motif5_reverse_boot.png,0.3932,,"[(20, 6), (21, 5)]",2,3.9999999792028142,GC,GC,GCATTAGTCACGCGAGC,0.9974010395841664,0.002598960415833629
meme_out_2,5,Reverse,MEME_OUT_REPORT/images/meme_out_2_motif5_reverse_matrix.png,MEME_OUT_REPORT/images/meme_out_2_motif5_reverse_histogram.png,MEME_OUT_REPORT/images/meme_out_2_motif5_reverse_boot.png,0.3932,,"[(20, 17), (21, 16)]",2,3.9999999792028142,GC,GC,GCGAGC,0.9974010395841664,0.002598960415833629
meme_out_2,6,Direct,MEME_OUT_REPORT/images/meme_out_2_motif6_direct_matrix.png,MEME_OUT_REPORT/images/meme_out_2_motif6_direct_histogram.png,MEME_OUT_REPORT/images/meme_out_2_motif6_direct_boot.png,0.244,,"[(13, 2), (14, 3), (15, 4), (16, 5), (17, 6)]",5,8.03353634387359,TTAAG,TTAAC,TTAACCTTTTCTTAAG,0.00019992003198720512,0.9998000799680128
meme_out_2,6,Reverse,MEME_OUT_REPORT/images/meme_out_2_motif6_reverse_matrix.png,MEME_OUT_REPORT/images/meme_out_2_motif6_reverse_histogram.png,MEME_OUT_REPORT/images/meme_out_2_motif6_reverse_boot.png,0.2463,,"[(13, 5), (14, 4), (15, 3), (16, 2)]",4,7.032679712032228,TTAA,TTAA,TTAACCTTTTCTTAA,0.0005997600959616154,0.9994002399040384
meme_out_2,6,Reverse,MEME_OUT_REPORT/images/meme_out_2_motif6_reverse_matrix.png,MEME_OUT_REPORT/images/meme_out_2_motif6_reverse_histogram.png,MEME_OUT_REPORT/images/meme_out_2_motif6_reverse_boot.png,0.2463,,"[(4, 3), (5, 2)]",2,3.3320855206928863,TT,AA,TTAA,0.5259896041583366,0.4740103958416634
meme_out_2,6,Reverse,MEME_OUT_REPORT/images/meme_out_2_motif6_reverse_matrix.png,MEME_OUT_REPORT/images/meme_out_2_motif6_reverse_histogram.png,MEME_OUT_REPORT/images/meme_out_2_motif6_reverse_boot.png,0.2463,,"[(15, 14), (16, 13)]",2,3.708196839030144,TT,AA,TTAA,0.2692922830867653,0.7307077169132348
meme_out_2,7,Direct,MEME_OUT_REPORT/images/meme_out_2_motif7_direct_matrix.png,MEME_OUT_REPORT/images/meme_out_2_motif7_direct_histogram.png,MEME_OUT_REPORT/images/meme_out_2_motif7_direct_boot.png,0.3385,,"[(14, 5), (15, 6), (16, 7)]",3,3.9231546672978075,ACC,ACC,ACCCAAGTGACC,0.14734106357457016,0.8526589364254298
meme_out_2,7,Direct,MEME_OUT_REPORT/images/meme_out_2_motif7_direct_matrix.png,MEME_OUT_REPORT/images/meme_out_2_motif7_direct_histogram.png,MEME_OUT_REPORT/images/meme_out_2_motif7_direct_boot.png,0.3385,,"[(4, 2), (5, 3)]",2,2.7184540044188257,TA,TA,TATA,0.8328668532586965,0.16713314674130353
meme_out_2,7,Direct,MEME_OUT_REPORT/images/meme_out_2_motif7_direct_matrix.png,MEME_OUT_REPORT/images/meme_out_2_motif7_direct_histogram.png,MEME_OUT_REPORT/images/meme_out_2_motif7_direct_boot.png,0.3385,,"[(7, 6), (8, 7)]",2,3.1974364760758567,CC,CC,CCC,0.40823670531787287,0.5917632946821272
meme_out_2,7,Direct,MEME_OUT_REPORT/images/meme_out_2_motif7_direct_matrix.png,MEME_OUT_REPORT/images/meme_out_2_motif7_direct_histogram.png,MEME_OUT_REPORT/images/meme_out_2_motif7_direct_boot.png,0.3385,,"[(15, 7), (16, 8)]",2,2.778154537790876,CC,CC,CCAAGTGACC,0.7900839664134346,0.2099160335865654
meme_out_2,7,Reverse,MEME_OUT_REPORT/images/meme_out_2_motif7_reverse_matrix.png,MEME_OUT_REPORT/images/meme_out_2_motif7_reverse_histogram.png,MEME_OUT_REPORT/images/meme_out_2_motif7_reverse_boot.png,0.517,,"[(4, 3), (5, 2)]",2,2.57752327034794,TA,TA,TATA,0.7796881247501,0.22031187524990004
meme_out_2,7,Reverse,MEME_OUT_REPORT/images/meme_out_2_motif7_reverse_matrix.png,MEME_OUT_REPORT/images/meme_out_2_motif7_reverse_histogram.png,MEME_OUT_REPORT/images/meme_out_2_motif7_reverse_boot.png,0.517,,"[(9, 2), (10, 1)]",2,2.6399416407655094,TT,AA,TTATACCCAA,0.7558976409436226,0.24410235905637745
meme_out_2,7,Reverse,MEME_OUT_REPORT/images/meme_out_2_motif7_reverse_matrix.png,MEME_OUT_REPORT/images/meme_out_2_motif7_reverse_histogram.png,MEME_OUT_REPORT/images/meme_out_2_motif7_reverse_boot.png,0.517,,"[(14, 12), (15, 11)]",2,2.3213706541147943,GT,AC,GTGAC,0.8704518192722911,0.1295481807277089
meme_out_2,7,Reverse,MEME_OUT_REPORT/images/meme_out_2_motif7_reverse_matrix.png,MEME_OUT_REPORT/images/meme_out_2_motif7_reverse_histogram.png,MEME_OUT_REPORT/images/meme_out_2_motif7_reverse_boot.png,0.517,,"[(16, 11), (17, 10)]",2,3.0385736196330124,AG,CT,AGTGACCT,0.41303478608556576,0.5869652139144342
meme_out_2,7,Reverse,MEME_OUT_REPORT/images/meme_out_2_motif7_reverse_matrix.png,MEME_OUT_REPORT/images/meme_out_2_motif7_reverse_histogram.png,MEME_OUT_REPORT/images/meme_out_2_motif7_reverse_boot.png,0.517,,"[(22, 4), (23, 3)]",2,2.011118225827694,AT,AT,ATACCCAAGTGACCTCAAAAT,0.936625349860056,0.06337465013994403
meme_out_2,8,Direct,MEME_OUT_REPORT/images/meme_out_2_motif8_direct_matrix.png,MEME_OUT_REPORT/images/meme_out_2_motif8_direct_histogram.png,MEME_OUT_REPORT/images/meme_out_2_motif8_direct_boot.png,0.3636,,"[(14, 13), (15, 14), (16, 15), (17, 16)]",4,7.9999999584056285,CCCC,CCCC,CCCCC,0.007796881247501,0.992203118752499
meme_out_2,8,Direct,MEME_OUT_REPORT/images/meme_out_2_motif8_direct_matrix.png,MEME_OUT_REPORT/images/meme_out_2_motif8_direct_histogram.png,MEME_OUT_REPORT/images/meme_out_2_motif8_direct_boot.png,0.3636,,"[(15, 13), (16, 14), (17, 15)]",3,5.999999968804222,CCC,CCC,CCCCC,0.10255897640943623,0.8974410235905638
meme_out_2,8,Direct,MEME_OUT_REPORT/images/meme_out_2_motif8_direct_matrix.png,MEME_OUT_REPORT/images/meme_out_2_motif8_direct_histogram.png,MEME_OUT_REPORT/images/meme_out_2_motif8_direct_boot.png,0.3636,,"[(21, 12), (22, 13), (23, 14)]",3,4.866246891667446,ACC,ACC,ACCCCCTAAACC,0.33686525389844063,0.6631347461015593
meme_out_2,8,Direct,MEME_OUT_REPORT/images/meme_out_2_motif8_direct_matrix.png,MEME_OUT_REPORT/images/meme_out_2_motif8_direct_histogram.png,MEME_OUT_REPORT/images/meme_out_2_motif8_direct_boot.png,0.3636,,"[(10, 9), (11, 10)]",2,3.1591030580079025,TT,TT,TTT,0.9932027189124351,0.006797281087564944
meme_out_2,8,Direct,MEME_OUT_REPORT/images/meme_out_2_motif8_direct_matrix.png,MEME_OUT_REPORT/images/meme_out_2_motif8_direct_histogram.png,MEME_OUT_REPORT/images/meme_out_2_motif8_direct_boot.png,0.3636,,"[(16, 13), (17, 14)]",2,3.9999999792028142,CC,CC,CCCCC,0.829468212714914,0.170531787285086
meme_out_2,8,Direct,MEME_OUT_REPORT/images/meme_out_2_motif8_direct_matrix.png,MEME_OUT_REPORT/images/meme_out_2_motif8_direct_histogram.png,MEME_OUT_REPORT/images/meme_out_2_motif8_direct_boot.png,0.3636,,"[(18, 11), (19, 12)]",2,3.1591030580079025,TA,TA,TACCCCCTA,0.9932027189124351,0.006797281087564944
meme_out_2,8,Direct,MEME_OUT_REPORT/images/meme_out_2_motif8_direct_matrix.png,MEME_OUT_REPORT/images/meme_out_2_motif8_direct_histogram.png,MEME_OUT_REPORT/images/meme_out_2_motif8_direct_boot.png,0.3636,,"[(20, 19), (21, 20)]",2,3.414287667319088,AA,AA,AAA,0.958016793282687,0.04198320671731304
meme_out_2,8,Direct,MEME_OUT_REPORT/images/meme_out_2_motif8_direct_matrix.png,MEME_OUT_REPORT/images/meme_out_2_motif8_direct_histogram.png,MEME_OUT_REPORT/images/meme_out_2_motif8_direct_boot.png,0.3636,,"[(22, 14), (23, 15)]",2,3.7071438232609513,CC,CC,CCCCTAAACC,0.9494202319072371,0.05057976809276288
meme_out_2,8,Direct,MEME_OUT_REPORT/images/meme_out_2_motif8_direct_matrix.png,MEME_OUT_REPORT/images/meme_out_2_motif8_direct_histogram.png,MEME_OUT_REPORT/images/meme_out_2_motif8_direct_boot.png,0.3636,,"[(22, 15), (23, 16)]",2,3.7071438232609513,CC,CC,CCCTAAACC,0.9494202319072371,0.05057976809276288
meme_out_2,8,Direct,MEME_OUT_REPORT/images/meme_out_2_motif8_direct_matrix.png,MEME_OUT_REPORT/images/meme_out_2_motif8_direct_histogram.png,MEME_OUT_REPORT/images/meme_out_2_motif8_direct_boot.png,0.3636,,"[(22, 16), (23, 17)]",2,3.7071438232609513,CC,CC,CCTAAACC,0.9494202319072371,0.05057976809276288
meme_out_2,8,Direct,MEME_OUT_REPORT/images/meme_out_2_motif8_direct_matrix.png,MEME_OUT_REPORT/images/meme_out_2_motif8_direct_histogram.png,MEME_OUT_REPORT/images/meme_out_2_motif8_direct_boot.png,0.3636,,"[(24, 8), (25, 9)]",2,3.1591030580079025,GT,GT,GTTTACCCCCTAAACCGT,0.9932027189124351,0.006797281087564944
meme_out_2,8,Reverse,MEME_OUT_REPORT/images/meme_out_2_motif8_reverse_matrix.png,MEME_OUT_REPORT/images/meme_out_2_motif8_reverse_histogram.png,MEME_OUT_REPORT/images/meme_out_2_motif8_reverse_boot.png,0.3671,,"[(18, 12), (19, 11), (20, 10), (21, 9), (22, 8), (23, 7)]",6,8.89159686213998,GGTTTA,TAAACC,GGTTTACCCCCTAAACC,0.00039984006397441024,0.9996001599360256
meme_out_2,8,Reverse,MEME_OUT_REPORT/images/meme_out_2_motif8_reverse_matrix.png,MEME_OUT_REPORT/images/meme_out_2_motif8_reverse_histogram.png,MEME_OUT_REPORT/images/meme_out_2_motif8_reverse_boot.png,0.3671,,"[(13, 8), (14, 7)]",2,3.1591030580079025,GG,CC,GGTTTACC,0.965813674530188,0.03418632546981204
meme_out_2,8,Reverse,MEME_OUT_REPORT/images/meme_out_2_motif8_reverse_matrix.png,MEME_OUT_REPORT/images/meme_out_2_motif8_reverse_histogram.png,MEME_OUT_REPORT/images/meme_out_2_motif8_reverse_boot.png,0.3671,,"[(14, 8), (15, 7)]",2,3.1591030580079025,GG,CC,GGTTTACCC,0.965813674530188,0.03418632546981204
meme_out_2,8,Reverse,MEME_OUT_REPORT/images/meme_out_2_motif8_reverse_matrix.png,MEME_OUT_REPORT/images/meme_out_2_motif8_reverse_histogram.png,MEME_OUT_REPORT/images/meme_out_2_motif8_reverse_boot.png,0.3671,,"[(15, 8), (16, 7)]",2,3.1591030580079025,GG,CC,GGTTTACCCC,0.965813674530188,0.03418632546981204
meme_out_2,8,Reverse,MEME_OUT_REPORT/images/meme_out_2_motif8_reverse_matrix.png,MEME_OUT_REPORT/images/meme_out_2_motif8_reverse_histogram.png,MEME_OUT_REPORT/images/meme_out_2_motif8_reverse_boot.png,0.3671,,"[(16, 8), (17, 7)]",2,3.1591030580079025,GG,CC,GGTTTACCCCC,0.965813674530188,0.03418632546981204
meme_out_2,8,Reverse,MEME_OUT_REPORT/images/meme_out_2_motif8_reverse_matrix.png,MEME_OUT_REPORT/images/meme_out_2_motif8_reverse_histogram.png,MEME_OUT_REPORT/images/meme_out_2_motif8_reverse_boot.png,0.3671,,"[(20, 11), (21, 10)]",2,3.7071438232609513,TT,AA,TTACCCCCTAAA,0.797281087564974,0.20271891243502604
meme_out_2,8,Reverse,MEME_OUT_REPORT/images/meme_out_2_motif8_reverse_matrix.png,MEME_OUT_REPORT/images/meme_out_2_motif8_reverse_histogram.png,MEME_OUT_REPORT/images/meme_out_2_motif8_reverse_boot.png,0.3671,,"[(24, 13), (25, 12)]",2,3.1591030580079025,AC,GT,ACCCCCTAAACCGT,0.965813674530188,0.03418632546981204
meme_out_2,8,Reverse,MEME_OUT_REPORT/images/meme_out_2_motif8_reverse_matrix.png,MEME_OUT_REPORT/images/meme_out_2_motif8_reverse_histogram.png,MEME_OUT_REPORT/images/meme_out_2_motif8_reverse_boot.png,0.3671,,"[(24, 22), (25, 21)]",2,3.7071438232609513,AC,GT,ACCGT,0.797281087564974,0.20271891243502604
meme_out_2,9,Direct,MEME_OUT_REPORT/images/meme_out_2_motif9_direct_matrix.png,MEME_OUT_REPORT/images/meme_out_2_motif9_direct_histogram.png,MEME_OUT_REPORT/images/meme_out_2_motif9_direct_boot.png,0.3612,,"[(15, 10), (16, 11)]",2,3.3310043948679455,CT,CT,CTTCTCT,0.5549780087964814,0.4450219912035186
meme_out_2,9,Direct,MEME_OUT_REPORT/images/meme_out_2_motif9_direct_matrix.png,MEME_OUT_REPORT/images/meme_out_2_motif9_direct_histogram.png,MEME_OUT_REPORT/images/meme_out_2_motif9_direct_boot.png,0.3612,,"[(22, 5), (23, 6)]",2,2.4000180761116616,TC,TC,TCAACCTTCTCTAGGATTC,0.9816073570571772,0.018392642942822834
meme_out_2,9,Reverse,MEME_OUT_REPORT/images/meme_out_2_motif9_reverse_matrix.png,MEME_OUT_REPORT/images/meme_out_2_motif9_reverse_histogram.png,MEME_OUT_REPORT/images/meme_out_2_motif9_reverse_boot.png,0.3601,,"[(17, 11), (18, 10)]",2,2.7539772600005783,CT,AG,CTTCTCTAG,0.9198320671731307,0.08016793282686929
meme_out_2,9,Reverse,MEME_OUT_REPORT/images/meme_out_2_motif9_reverse_matrix.png,MEME_OUT_REPORT/images/meme_out_2_motif9_reverse_histogram.png,MEME_OUT_REPORT/images/meme_out_2_motif9_reverse_boot.png,0.3601,,"[(17, 16), (18, 15)]",2,2.9539772540525684,CT,AG,CTAG,0.8046781287485006,0.19532187125149936
meme_out_2,9,Reverse,MEME_OUT_REPORT/images/meme_out_2_motif9_reverse_matrix.png,MEME_OUT_REPORT/images/meme_out_2_motif9_reverse_histogram.png,MEME_OUT_REPORT/images/meme_out_2_motif9_reverse_boot.png,0.3601,,"[(19, 6), (20, 5)]",2,2.8459457094680793,TC,GA,TCAACCTTCTCTAGGA,0.8740503798480608,0.12594962015193922
meme_out_2,9,Reverse,MEME_OUT_REPORT/images/meme_out_2_motif9_reverse_matrix.png,MEME_OUT_REPORT/images/meme_out_2_motif9_reverse_histogram.png,MEME_OUT_REPORT/images/meme_out_2_motif9_reverse_boot.png,0.3601,,"[(19, 15), (20, 14)]",2,2.5061933189073806,TC,GA,TCTAGGA,0.9802079168332667,0.01979208316673331
meme_out_2,9,Reverse,MEME_OUT_REPORT/images/meme_out_2_motif9_reverse_matrix.png,MEME_OUT_REPORT/images/meme_out_2_motif9_reverse_histogram.png,MEME_OUT_REPORT/images/meme_out_2_motif9_reverse_boot.png,0.3601,,"[(22, 20), (23, 19)]",2,2.4000180761116616,GA,TC,GATTC,0.9838064774090364,0.016193522590963627
meme_out_2,10,Direct,MEME_OUT_REPORT/images/meme_out_2_motif10_direct_matrix.png,MEME_OUT_REPORT/images/meme_out_2_motif10_direct_histogram.png,MEME_OUT_REPORT/images/meme_out_2_motif10_direct_boot.png,0.1794,,"[(8, 7), (9, 8)]",2,3.6477858663826073,TT,TT,TTT,0.5495801679328268,0.4504198320671732
meme_out_2,10,Reverse,MEME_OUT_REPORT/images/meme_out_2_motif10_reverse_matrix.png,MEME_OUT_REPORT/images/meme_out_2_motif10_reverse_histogram.png,MEME_OUT_REPORT/images/meme_out_2_motif10_reverse_boot.png,0.1718,,"[(4, 2), (5, 1)]",2,3.7976060563867233,GT,AC,GTTAC,0.2031187524990004,0.7968812475009996
meme_out_3,1,Direct,MEME_OUT_REPORT/images/meme_out_3_motif1_direct_matrix.png,MEME_OUT_REPORT/images/meme_out_3_motif1_direct_histogram.png,MEME_OUT_REPORT/images/meme_out_3_motif1_direct_boot.png,0.6385,,"[(3, 0), (4, 1)]",2,3.8425395846057695,AA,AA,AACAA,0.608156737305078,0.391843262694922
meme_out_3,1,Direct,MEME_OUT_REPORT/images/meme_out_3_motif1_direct_matrix.png,MEME_OUT_REPORT/images/meme_out_3_motif1_direct_histogram.png,MEME_OUT_REPORT/images/meme_out_3_motif1_direct_boot.png,0.6385,,"[(10, 6), (11, 7)]",2,2.718315248844733,GT,GT,GTCAGT,0.9988004798080767,0.0011995201919232645
meme_out_3,1,Direct,MEME_OUT_REPORT/images/meme_out_3_motif1_direct_matrix.png,MEME_OUT_REPORT/images/meme_out_3_motif1_direct_histogram.png,MEME_OUT_REPORT/images/meme_out_3_motif1_direct_boot.png,0.6385,,"[(17, 9), (18, 10)]",2,2.7421380352365947,AG,AG,AGTTGGCTAG,0.9988004798080767,0.0011995201919232645
meme_out_3,1,Direct,MEME_OUT_REPORT/images/meme_out_3_motif1_direct_matrix.png,MEME_OUT_REPORT/images/meme_out_3_motif1_direct_histogram.png,MEME_OUT_REPORT/images/meme_out_3_motif1_direct_boot.png,0.6385,,"[(19, 6), (20, 7)]",2,3.0404008258197592,GT,GT,GTCAGTTGGCTAGGT,0.9832067173130747,0.01679328268692526
meme_out_3,1,Direct,MEME_OUT_REPORT/images/meme_out_3_motif1_direct_matrix.png,MEME_OUT_REPORT/images/meme_out_3_motif1_direct_histogram.png,MEME_OUT_REPORT/images/meme_out_3_motif1_direct_boot.png,0.6385,,"[(19, 10), (20, 11)]",2,2.7778610337365777,GT,GT,GTTGGCTAGGT,0.9988004798080767,0.0011995201919232645
meme_out_3,1,Reverse,MEME_OUT_REPORT/images/meme_out_3_motif1_reverse_matrix.png,MEME_OUT_REPORT/images/meme_out_3_motif1_reverse_histogram.png,MEME_OUT_REPORT/images/meme_out_3_motif1_reverse_boot.png,0.4053,,"[(6, 2), (7, 1)]",2,2.2430414936383407,AC,GT,ACAACGT,0.9996001599360256,0.0003998400639744215
meme_out_3,1,Reverse,MEME_OUT_REPORT/images/meme_out_3_motif1_reverse_matrix.png,MEME_OUT_REPORT/images/meme_out_3_motif1_reverse_histogram.png,MEME_OUT_REPORT/images/meme_out_3_motif1_reverse_boot.png,0.4053,,"[(11, 1), (12, 0)]",2,2.3609810909248896,AA,TT,AACAACGTCAGTT,0.9986005597760895,0.0013994402239104753
meme_out_3,1,Reverse,MEME_OUT_REPORT/images/meme_out_3_motif1_reverse_matrix.png,MEME_OUT_REPORT/images/meme_out_3_motif1_reverse_histogram.png,MEME_OUT_REPORT/images/meme_out_3_motif1_reverse_boot.png,0.4053,,"[(11, 4), (12, 3)]",2,2.2920450025226917,AA,TT,AACGTCAGTT,0.9992003198720512,0.000799680127948843
meme_out_3,1,Reverse,MEME_OUT_REPORT/images/meme_out_3_motif1_reverse_matrix.png,MEME_OUT_REPORT/images/meme_out_3_motif1_reverse_histogram.png,MEME_OUT_REPORT/images/meme_out_3_motif1_reverse_boot.png,0.4053,,"[(17, 16), (18, 15)]",2,2.606884285865082,CT,AG,CTAG,0.9888044782087165,0.01119552179128347
meme_out_3,1,Reverse,MEME_OUT_REPORT/images/meme_out_3_motif1_reverse_matrix.png,MEME_OUT_REPORT/images/meme_out_3_motif1_reverse_histogram.png,MEME_OUT_REPORT/images/meme_out_3_motif1_reverse_boot.png,0.4053,,"[(19, 2), (20, 1)]",2,2.4267636144024367,AC,GT,ACAACGTCAGTTGGCTAGGT,0.9972011195521792,0.0027988804478208396
meme_out_3,1,Reverse,MEME_OUT_REPORT/images/meme_out_3_motif1_reverse_matrix.png,MEME_OUT_REPORT/images/meme_out_3_motif1_reverse_histogram.png,MEME_OUT_REPORT/images/meme_out_3_motif1_reverse_boot.png,0.4053,,"[(19, 5), (20, 4)]",2,2.299087639595399,AC,GT,ACGTCAGTTGGCTAGGT,0.999000399840064,0.0009996001599360538
meme_out_3,1,Reverse,MEME_OUT_REPORT/images/meme_out_3_motif1_reverse_matrix.png,MEME_OUT_REPORT/images/meme_out_3_motif1_reverse_histogram.png,MEME_OUT_REPORT/images/meme_out_3_motif1_reverse_boot.png,0.4053,,"[(24, 19), (25, 18)]",2,3.2760422487725194,GG,CC,GGTGACCC,0.7139144342263095,0.2860855657736905
meme_out_3,2,Direct,MEME_OUT_REPORT/images/meme_out_3_motif2_direct_matrix.png,MEME_OUT_REPORT/images/meme_out_3_motif2_direct_histogram.png,MEME_OUT_REPORT/images/meme_out_3_motif2_direct_boot.png,0.4162,,"[(22, 21), (23, 22), (24, 23)]",3,5.03629898100299,TTT,TTT,TTTT,0.38904438224710114,0.6109556177528989
meme_out_3,2,Direct,MEME_OUT_REPORT/images/meme_out_3_motif2_direct_matrix.png,MEME_OUT_REPORT/images/meme_out_3_motif2_direct_histogram.png,MEME_OUT_REPORT/images/meme_out_3_motif2_direct_boot.png,0.4162,,"[(11, 7), (12, 8)]",2,2.8358609983249905,TA,TA,TAAGTA,0.9996001599360256,0.0003998400639744215
meme_out_3,2,Direct,MEME_OUT_REPORT/images/meme_out_3_motif2_direct_matrix.png,MEME_OUT_REPORT/images/meme_out_3_motif2_direct_histogram.png,MEME_OUT_REPORT/images/meme_out_3_motif2_direct_boot.png,0.4162,,"[(16, 7), (17, 8)]",2,2.9410385220071165,TA,TA,TAAGTATCCTA,0.9996001599360256,0.0003998400639744215
meme_out_3,2,Direct,MEME_OUT_REPORT/images/meme_out_3_motif2_direct_matrix.png,MEME_OUT_REPORT/images/meme_out_3_motif2_direct_histogram.png,MEME_OUT_REPORT/images/meme_out_3_motif2_direct_boot.png,0.4162,,"[(16, 11), (17, 12)]",2,3.691752623960933,TA,TA,TATCCTA,0.9208316673330668,0.07916833266693324
meme_out_3,2,Direct,MEME_OUT_REPORT/images/meme_out_3_motif2_direct_matrix.png,MEME_OUT_REPORT/images/meme_out_3_motif2_direct_histogram.png,MEME_OUT_REPORT/images/meme_out_3_motif2_direct_boot.png,0.4162,,"[(20, 12), (21, 13)]",2,3.036298991401583,AT,AT,ATCCTACAAT,0.9986005597760895,0.0013994402239104753
meme_out_3,2,Direct,MEME_OUT_REPORT/images/meme_out_3_motif2_direct_matrix.png,MEME_OUT_REPORT/images/meme_out_3_motif2_direct_histogram.png,MEME_OUT_REPORT/images/meme_out_3_motif2_direct_boot.png,0.4162,,"[(23, 21), (24, 22)]",2,3.036298991401583,TT,TT,TTTT,0.9986005597760895,0.0013994402239104753
meme_out_3,2,Direct,MEME_OUT_REPORT/images/meme_out_3_motif2_direct_matrix.png,MEME_OUT_REPORT/images/meme_out_3_motif2_direct_histogram.png,MEME_OUT_REPORT/images/meme_out_3_motif2_direct_boot.png,0.4162,,"[(24, 5), (25, 6)]",2,2.4525688369691205,TG,TG,TGTAAGTATCCTACAATTTTG,0.9998000799680128,0.00019992003198721076
meme_out_3,2,Reverse,MEME_OUT_REPORT/images/meme_out_3_motif2_reverse_matrix.png,MEME_OUT_REPORT/images/meme_out_3_motif2_reverse_histogram.png,MEME_OUT_REPORT/images/meme_out_3_motif2_reverse_boot.png,0.4058,,"[(16, 8), (17, 7), (18, 6), (19, 5)]",4,6.585638346317812,TGTA,TACA,TGTAAGTATCCTACA,0.038584566173530586,0.9614154338264694
meme_out_3,2,Reverse,MEME_OUT_REPORT/images/meme_out_3_motif2_reverse_matrix.png,MEME_OUT_REPORT/images/meme_out_3_motif2_reverse_histogram.png,MEME_OUT_REPORT/images/meme_out_3_motif2_reverse_boot.png,0.4058,,"[(23, 20), (24, 19), (25, 18)]",3,3.8010904661625933,CAA,TTG,CAATTTTG,0.7401039584166333,0.25989604158336665
meme_out_3,2,Reverse,MEME_OUT_REPORT/images/meme_out_3_motif2_reverse_matrix.png,MEME_OUT_REPORT/images/meme_out_3_motif2_reverse_histogram.png,MEME_OUT_REPORT/images/meme_out_3_motif2_reverse_boot.png,0.4058,,"[(11, 8), (12, 7)]",2,2.638757949864285,TA,TA,TAAGTA,0.9992003198720512,0.000799680127948843
meme_out_3,2,Reverse,MEME_OUT_REPORT/images/meme_out_3_motif2_reverse_matrix.png,MEME_OUT_REPORT/images/meme_out_3_motif2_reverse_histogram.png,MEME_OUT_REPORT/images/meme_out_3_motif2_reverse_boot.png,0.4058,,"[(16, 12), (17, 11)]",2,3.691752623960933,TA,TA,TATCCTA,0.8192722910835666,0.18072770891643342
meme_out_3,2,Reverse,MEME_OUT_REPORT/images/meme_out_3_motif2_reverse_matrix.png,MEME_OUT_REPORT/images/meme_out_3_motif2_reverse_histogram.png,MEME_OUT_REPORT/images/meme_out_3_motif2_reverse_boot.png,0.4058,,"[(20, 13), (21, 12)]",2,3.036298991401583,AT,AT,ATCCTACAAT,0.9936025589764095,0.006397441023590522
meme_out_3,2,Reverse,MEME_OUT_REPORT/images/meme_out_3_motif2_reverse_matrix.png,MEME_OUT_REPORT/images/meme_out_3_motif2_reverse_histogram.png,MEME_OUT_REPORT/images/meme_out_3_motif2_reverse_boot.png,0.4058,,"[(21, 9), (22, 8)]",2,3.027739286265637,AA,TT,AAGTATCCTACAATT,0.9936025589764095,0.006397441023590522
meme_out_3,2,Reverse,MEME_OUT_REPORT/images/meme_out_3_motif2_reverse_matrix.png,MEME_OUT_REPORT/images/meme_out_3_motif2_reverse_histogram.png,MEME_OUT_REPORT/images/meme_out_3_motif2_reverse_boot.png,0.4058,,"[(21, 20), (22, 19)]",2,3.188505883820304,AA,TT,AATT,0.9852059176329468,0.014794082367053152
meme_out_3,2,Reverse,MEME_OUT_REPORT/images/meme_out_3_motif2_reverse_matrix.png,MEME_OUT_REPORT/images/meme_out_3_motif2_reverse_histogram.png,MEME_OUT_REPORT/images/meme_out_3_motif2_reverse_boot.png,0.4058,,"[(22, 9), (23, 8)]",2,3.0866359555385223,AA,TT,AAGTATCCTACAATTT,0.992203118752499,0.007796881247500997
meme_out_3,2,Reverse,MEME_OUT_REPORT/images/meme_out_3_motif2_reverse_matrix.png,MEME_OUT_REPORT/images/meme_out_3_motif2_reverse_histogram.png,MEME_OUT_REPORT/images/meme_out_3_motif2_reverse_boot.png,0.4058,,"[(22, 20), (23, 19)]",2,3.1754610310645424,AA,TT,AATTT,0.9880047980807677,0.011995201919232312
meme_out_3,3,Direct,MEME_OUT_REPORT/images/meme_out_3_motif3_direct_matrix.png,MEME_OUT_REPORT/images/meme_out_3_motif3_direct_histogram.png,MEME_OUT_REPORT/images/meme_out_3_motif3_direct_boot.png,0.3337,,"[(14, 5), (15, 6)]",2,2.586633716164418,AG,AG,AGACTAATCAG,0.9590163934426229,0.040983606557377095
meme_out_3,3,Direct,MEME_OUT_REPORT/images/meme_out_3_motif3_direct_matrix.png,MEME_OUT_REPORT/images/meme_out_3_motif3_direct_histogram.png,MEME_OUT_REPORT/images/meme_out_3_motif3_direct_boot.png,0.3337,,"[(17, 6), (18, 7)]",2,3.1149458105476637,GA,GA,GACTAATCAGAGA,0.8122750899640144,0.18772491003598557
meme_out_3,3,Direct,MEME_OUT_REPORT/images/meme_out_3_motif3_direct_matrix.png,MEME_OUT_REPORT/images/meme_out_3_motif3_direct_histogram.png,MEME_OUT_REPORT/images/meme_out_3_motif3_direct_boot.png,0.3337,,"[(18, 11), (19, 12)]",2,3.6789600055358096,AT,AT,ATCAGAGAT,0.38404638144742104,0.6159536185525789
meme_out_3,3,Direct,MEME_OUT_REPORT/images/meme_out_3_motif3_direct_matrix.png,MEME_OUT_REPORT/images/meme_out_3_motif3_direct_histogram.png,MEME_OUT_REPORT/images/meme_out_3_motif3_direct_boot.png,0.3337,,"[(19, 9), (20, 10)]",2,3.3516867471683414,TA,TA,TAATCAGAGATA,0.6673330667732906,0.33266693322670937
meme_out_3,3,Direct,MEME_OUT_REPORT/images/meme_out_3_motif3_direct_matrix.png,MEME_OUT_REPORT/images/meme_out_3_motif3_direct_histogram.png,MEME_OUT_REPORT/images/meme_out_3_motif3_direct_boot.png,0.3337,,"[(22, 8), (23, 9)]",2,3.7650739711781163,CT,CT,CTAATCAGAGATACCT,0.3220711715313874,0.6779288284686126
meme_out_3,3,Reverse,MEME_OUT_REPORT/images/meme_out_3_motif3_reverse_matrix.png,MEME_OUT_REPORT/images/meme_out_3_motif3_reverse_histogram.png,MEME_OUT_REPORT/images/meme_out_3_motif3_reverse_boot.png,0.3381,,"[(8, 6), (9, 5)]",2,2.675136459798009,AG,CT,AGACT,0.9686125549780088,0.0313874450219912
meme_out_3,3,Reverse,MEME_OUT_REPORT/images/meme_out_3_motif3_reverse_matrix.png,MEME_OUT_REPORT/images/meme_out_3_motif3_reverse_histogram.png,MEME_OUT_REPORT/images/meme_out_3_motif3_reverse_boot.png,0.3381,,"[(18, 12), (19, 11)]",2,3.6789600055358096,AT,AT,ATCAGAGAT,0.5201919232307077,0.47980807676929227
meme_out_3,3,Reverse,MEME_OUT_REPORT/images/meme_out_3_motif3_reverse_matrix.png,MEME_OUT_REPORT/images/meme_out_3_motif3_reverse_histogram.png,MEME_OUT_REPORT/images/meme_out_3_motif3_reverse_boot.png,0.3381,,"[(19, 10), (20, 9)]",2,3.3516867471683414,TA,TA,TAATCAGAGATA,0.8022790883646541,0.1977209116353459
meme_out_3,3,Reverse,MEME_OUT_REPORT/images/meme_out_3_motif3_reverse_matrix.png,MEME_OUT_REPORT/images/meme_out_3_motif3_reverse_histogram.png,MEME_OUT_REPORT/images/meme_out_3_motif3_reverse_boot.png,0.3381,,"[(22, 6), (23, 5)]",2,2.673596004206208,AG,CT,AGACTAATCAGAGATACCT,0.9686125549780088,0.0313874450219912
meme_out_3,4,Direct,MEME_OUT_REPORT/images/meme_out_3_motif4_direct_matrix.png,MEME_OUT_REPORT/images/meme_out_3_motif4_direct_histogram.png,MEME_OUT_REPORT/images/meme_out_3_motif4_direct_boot.png,0.4822,,"[(15, 2), (16, 3), (17, 4), (18, 5)]",4,5.146141660103134,TGCA,TGCA,TGCACCAAAATGGTGCA,0.010995601759296281,0.9890043982407037
meme_out_3,4,Direct,MEME_OUT_REPORT/images/meme_out_3_motif4_direct_matrix.png,MEME_OUT_REPORT/images/meme_out_3_motif4_direct_histogram.png,MEME_OUT_REPORT/images/meme_out_3_motif4_direct_boot.png,0.4822,,"[(7, 4), (8, 5)]",2,3.3586950592831584,CA,CA,CACCA,0.2387045181927229,0.7612954818072771
meme_out_3,4,Direct,MEME_OUT_REPORT/images/meme_out_3_motif4_direct_matrix.png,MEME_OUT_REPORT/images/meme_out_3_motif4_direct_histogram.png,MEME_OUT_REPORT/images/meme_out_3_motif4_direct_boot.png,0.4822,,"[(9, 8), (10, 9)]",2,2.1313467072047683,AA,AA,AAA,0.9012395041983207,0.09876049580167934
meme_out_3,4,Direct,MEME_OUT_REPORT/images/meme_out_3_motif4_direct_matrix.png,MEME_OUT_REPORT/images/meme_out_3_motif4_direct_histogram.png,MEME_OUT_REPORT/images/meme_out_3_motif4_direct_boot.png,0.4822,,"[(17, 7), (18, 8)]",2,2.4741429696267776,CA,CA,CAAAATGGTGCA,0.7744902039184326,0.2255097960815674
meme_out_3,4,Reverse,MEME_OUT_REPORT/images/meme_out_3_motif4_reverse_matrix.png,MEME_OUT_REPORT/images/meme_out_3_motif4_reverse_histogram.png,MEME_OUT_REPORT/images/meme_out_3_motif4_reverse_boot.png,0.2618,,"[(14, 6), (15, 5), (16, 4), (17, 3), (18, 2)]",5,6.69790699784929,TGCAC,GTGCA,TGCACCAAAATGGTGCA,0.00019992003198720512,0.9998000799680128
meme_out_3,4,Reverse,MEME_OUT_REPORT/images/meme_out_3_motif4_reverse_matrix.png,MEME_OUT_REPORT/images/meme_out_3_motif4_reverse_histogram.png,MEME_OUT_REPORT/images/meme_out_3_motif4_reverse_boot.png,0.2618,,"[(4, 3), (5, 2)]",2,2.947003303120173,TG,CA,TGCA,0.3328668532586965,0.6671331467413035
meme_out_3,4,Reverse,MEME_OUT_REPORT/images/meme_out_3_motif4_reverse_matrix.png,MEME_OUT_REPORT/images/meme_out_3_motif4_reverse_histogram.png,MEME_OUT_REPORT/images/meme_out_3_motif4_reverse_boot.png,0.2618,,"[(7, 3), (8, 2)]",2,2.6304217571681807,TG,CA,TGCACCA,0.6769292283086765,0.3230707716913235
meme_out_3,4,Reverse,MEME_OUT_REPORT/images/meme_out_3_motif4_reverse_matrix.png,MEME_OUT_REPORT/images/meme_out_3_motif4_reverse_histogram.png,MEME_OUT_REPORT/images/meme_out_3_motif4_reverse_boot.png,0.2618,,"[(15, 8), (16, 7)]",2,2.5802341297360765,CA,TG,CAAAATGGTG,0.7269092363054778,0.27309076369452223
meme_out_3,4,Reverse,MEME_OUT_REPORT/images/meme_out_3_motif4_reverse_matrix.png,MEME_OUT_REPORT/images/meme_out_3_motif4_reverse_histogram.png,MEME_OUT_REPORT/images/meme_out_3_motif4_reverse_boot.png,0.2618,,"[(17, 16), (18, 15)]",2,2.2524395398998918,TG,CA,TGCA,0.8456617353058776,0.15433826469412237
meme_out_3,5,Direct,MEME_OUT_REPORT/images/meme_out_3_motif5_direct_matrix.png,MEME_OUT_REPORT/images/meme_out_3_motif5_direct_histogram.png,MEME_OUT_REPORT/images/meme_out_3_motif5_direct_boot.png,0.3659,,"[(11, 9), (12, 10), (13, 11)]",3,3.7255357055650746,AAA,AAA,AAAAA,0.19272291083566573,0.8072770891643343
meme_out_3,5,Direct,MEME_OUT_REPORT/images/meme_out_3_motif5_direct_matrix.png,MEME_OUT_REPORT/images/meme_out_3_motif5_direct_histogram.png,MEME_OUT_REPORT/images/meme_out_3_motif5_direct_boot.png,0.3659,,"[(11, 10), (12, 11), (13, 12)]",3,3.679898492871033,AAA,AAA,AAAA,0.20391843262694923,0.7960815673730508
meme_out_3,5,Direct,MEME_OUT_REPORT/images/meme_out_3_motif5_direct_matrix.png,MEME_OUT_REPORT/images/meme_out_3_motif5_direct_histogram.png,MEME_OUT_REPORT/images/meme_out_3_motif5_direct_boot.png,0.3659,,"[(10, 6), (11, 7)]",2,2.8934094131898638,AA,AA,AAGAAA,0.6203518592562974,0.37964814074370257
meme_out_3,5,Direct,MEME_OUT_REPORT/images/meme_out_3_motif5_direct_matrix.png,MEME_OUT_REPORT/images/meme_out_3_motif5_direct_histogram.png,MEME_OUT_REPORT/images/meme_out_3_motif5_direct_boot.png,0.3659,,"[(12, 6), (13, 7)]",2,2.3428731319833727,AA,AA,AAGAAAAA,0.9466213514594163,0.05337864854058372
meme_out_3,5,Direct,MEME_OUT_REPORT/images/meme_out_3_motif5_direct_matrix.png,MEME_OUT_REPORT/images/meme_out_3_motif5_direct_histogram.png,MEME_OUT_REPORT/images/meme_out_3_motif5_direct_boot.png,0.3659,,"[(24, 3), (25, 4)]",2,2.8786424945828113,TT,TG,TGCAAGAAAAACAATCCTTTGTT,0.6449420231907237,0.3550579768092763
meme_out_3,5,Reverse,MEME_OUT_REPORT/images/meme_out_3_motif5_reverse_matrix.png,MEME_OUT_REPORT/images/meme_out_3_motif5_reverse_histogram.png,MEME_OUT_REPORT/images/meme_out_3_motif5_reverse_boot.png,0.424,,"[(10, 3), (11, 2)]",2,2.5579454817738476,TT,AA,TTGCAAGAAA,0.8064774090363854,0.19352259096361457
meme_out_3,5,Reverse,MEME_OUT_REPORT/images/meme_out_3_motif5_reverse_matrix.png,MEME_OUT_REPORT/images/meme_out_3_motif5_reverse_histogram.png,MEME_OUT_REPORT/images/meme_out_3_motif5_reverse_boot.png,0.424,,"[(11, 3), (12, 2)]",2,2.9929364316694618,TT,AA,TTGCAAGAAAA,0.5079968012794882,0.4920031987205118
meme_out_3,5,Reverse,MEME_OUT_REPORT/images/meme_out_3_motif5_reverse_matrix.png,MEME_OUT_REPORT/images/meme_out_3_motif5_reverse_histogram.png,MEME_OUT_REPORT/images/meme_out_3_motif5_reverse_boot.png,0.424,,"[(12, 3), (13, 2)]",2,2.776120311570221,TT,AA,TTGCAAGAAAAA,0.6923230707716913,0.3076769292283087
meme_out_3,5,Reverse,MEME_OUT_REPORT/images/meme_out_3_motif5_reverse_matrix.png,MEME_OUT_REPORT/images/meme_out_3_motif5_reverse_histogram.png,MEME_OUT_REPORT/images/meme_out_3_motif5_reverse_boot.png,0.424,,"[(20, 7), (21, 6)]",2,2.1740108244403316,AA,TT,AAGAAAAACAATCCTT,0.9408236705317873,0.05917632946821272
meme_out_3,5,Reverse,MEME_OUT_REPORT/images/meme_out_3_motif5_reverse_matrix.png,MEME_OUT_REPORT/images/meme_out_3_motif5_reverse_histogram.png,MEME_OUT_REPORT/images/meme_out_3_motif5_reverse_boot.png,0.424,,"[(20, 11), (21, 10)]",2,2.351248105233319,AA,TT,AAAACAATCCTT,0.9022391043582567,0.09776089564174328
meme_out_3,5,Reverse,MEME_OUT_REPORT/images/meme_out_3_motif5_reverse_matrix.png,MEME_OUT_REPORT/images/meme_out_3_motif5_reverse_histogram.png,MEME_OUT_REPORT/images/meme_out_3_motif5_reverse_boot.png,0.424,,"[(20, 12), (21, 11)]",2,2.9455802496285974,AA,TT,AAACAATCCTT,0.5553778488604558,0.4446221511395442
meme_out_3,6,Direct,MEME_OUT_REPORT/images/meme_out_3_motif6_direct_matrix.png,MEME_OUT_REPORT/images/meme_out_3_motif6_direct_histogram.png,MEME_OUT_REPORT/images/meme_out_3_motif6_direct_boot.png,0.4284,,"[(9, 4), (10, 5), (11, 6)]",3,5.478449539970808,TCC,TCC,TCCTTTCC,0.24110355857656937,0.7588964414234306
meme_out_3,6,Direct,MEME_OUT_REPORT/images/meme_out_3_motif6_direct_matrix.png,MEME_OUT_REPORT/images/meme_out_3_motif6_direct_histogram.png,MEME_OUT_REPORT/images/meme_out_3_motif6_direct_boot.png,0.4284,,"[(8, 7), (9, 8)]",2,3.20151690256412,TT,TT,TTT,0.9986005597760895,0.0013994402239104753
meme_out_3,6,Direct,MEME_OUT_REPORT/images/meme_out_3_motif6_direct_matrix.png,MEME_OUT_REPORT/images/meme_out_3_motif6_direct_histogram.png,MEME_OUT_REPORT/images/meme_out_3_motif6_direct_boot.png,0.4284,,"[(15, 4), (16, 5)]",2,2.7864580666824037,TC,TC,TCCTTTCCGTATC,0.9998000799680128,0.00019992003198721076
meme_out_3,6,Direct,MEME_OUT_REPORT/images/meme_out_3_motif6_direct_matrix.png,MEME_OUT_REPORT/images/meme_out_3_motif6_direct_histogram.png,MEME_OUT_REPORT/images/meme_out_3_motif6_direct_boot.png,0.4284,,"[(15, 9), (16, 10)]",2,2.7864580666824037,TC,TC,TCCGTATC,0.9998000799680128,0.00019992003198721076
meme_out_3,6,Direct,MEME_OUT_REPORT/images/meme_out_3_motif6_direct_matrix.png,MEME_OUT_REPORT/images/meme_out_3_motif6_direct_histogram.png,MEME_OUT_REPORT/images/meme_out_3_motif6_direct_boot.png,0.4284,,"[(17, 4), (18, 5)]",2,3.6189415306469987,TC,TC,TCCTTTCCGTATCTC,0.9242303078768492,0.07576969212315077
meme_out_3,6,Direct,MEME_OUT_REPORT/images/meme_out_3_motif6_direct_matrix.png,MEME_OUT_REPORT/images/meme_out_3_motif6_direct_histogram.png,MEME_OUT_REPORT/images/meme_out_3_motif6_direct_boot.png,0.4284,,"[(17, 9), (18, 10)]",2,3.6189415306469987,TC,TC,TCCGTATCTC,0.9242303078768492,0.07576969212315077
meme_out_3,6,Direct,MEME_OUT_REPORT/images/meme_out_3_motif6_direct_matrix.png,MEME_OUT_REPORT/images/meme_out_3_motif6_direct_histogram.png,MEME_OUT_REPORT/images/meme_out_3_motif6_direct_boot.png,0.4284,,"[(17, 15), (18, 16)]",2,2.707147641077645,TC,TC,TCTC,0.9998000799680128,0.00019992003198721076
meme_out_3,6,Direct,MEME_OUT_REPORT/images/meme_out_3_motif6_direct_matrix.png,MEME_OUT_REPORT/images/meme_out_3_motif6_direct_histogram.png,MEME_OUT_REPORT/images/meme_out_3_motif6_direct_boot.png,0.4284,,"[(18, 11), (19, 12)]",2,2.6528038728212877,CG,CG,CGTATCTCG,0.9998000799680128,0.00019992003198721076
meme_out_3,6,Direct,MEME_OUT_REPORT/images/meme_out_3_motif6_direct_matrix.png,MEME_OUT_REPORT/images/meme_out_3_motif6_direct_histogram.png,MEME_OUT_REPORT/images/meme_out_3_motif6_direct_boot.png,0.4284,,"[(23, 1), (24, 2)]",2,2.9440287471239692,GA,GA,GATTCCTTTCCGTATCTCGCAGGA,0.9998000799680128,0.00019992003198721076
meme_out_3,6,Reverse,MEME_OUT_REPORT/images/meme_out_3_motif6_reverse_matrix.png,MEME_OUT_REPORT/images/meme_out_3_motif6_reverse_histogram.png,MEME_OUT_REPORT/images/meme_out_3_motif6_reverse_boot.png,0.4203,,"[(22, 11), (23, 10), (24, 9), (25, 8)]",4,6.845327792392558,TTCC,GGAA,TTCCGTATCTCGCAGGAA,0.04018392642942823,0.9598160735705717
meme_out_3,6,Reverse,MEME_OUT_REPORT/images/meme_out_3_motif6_reverse_matrix.png,MEME_OUT_REPORT/images/meme_out_3_motif6_reverse_histogram.png,MEME_OUT_REPORT/images/meme_out_3_motif6_reverse_boot.png,0.4203,,"[(22, 6), (23, 5), (24, 4)]",3,5.255804650795527,TCC,GGA,TCCTTTCCGTATCTCGCAGGA,0.2604958016793283,0.7395041983206717
meme_out_3,6,Reverse,MEME_OUT_REPORT/images/meme_out_3_motif6_reverse_matrix.png,MEME_OUT_REPORT/images/meme_out_3_motif6_reverse_histogram.png,MEME_OUT_REPORT/images/meme_out_3_motif6_reverse_boot.png,0.4203,,"[(4, 2), (5, 1)]",2,3.6080455154704563,GA,TC,GATTC,0.9164334266293482,0.08356657337065176
meme_out_3,6,Reverse,MEME_OUT_REPORT/images/meme_out_3_motif6_reverse_matrix.png,MEME_OUT_REPORT/images/meme_out_3_motif6_reverse_histogram.png,MEME_OUT_REPORT/images/meme_out_3_motif6_reverse_boot.png,0.4203,,"[(9, 2), (10, 1)]",2,3.6080455154704563,GA,TC,GATTCCTTTC,0.9164334266293482,0.08356657337065176
meme_out_3,6,Reverse,MEME_OUT_REPORT/images/meme_out_3_motif6_reverse_matrix.png,MEME_OUT_REPORT/images/meme_out_3_motif6_reverse_histogram.png,MEME_OUT_REPORT/images/meme_out_3_motif6_reverse_boot.png,0.4203,,"[(17, 2), (18, 1)]",2,3.2365334435696775,GA,TC,GATTCCTTTCCGTATCTC,0.9926029588164734,0.007397041183526576
meme_out_3,6,Reverse,MEME_OUT_REPORT/images/meme_out_3_motif6_reverse_matrix.png,MEME_OUT_REPORT/images/meme_out_3_motif6_reverse_histogram.png,MEME_OUT_REPORT/images/meme_out_3_motif6_reverse_boot.png,0.4203,,"[(20, 1), (21, 0)]",2,3.0925542521253533,TG,CA,TGATTCCTTTCCGTATCTCGCA,0.9978008796481408,0.0021991203518592073
meme_out_3,6,Reverse,MEME_OUT_REPORT/images/meme_out_3_motif6_reverse_matrix.png,MEME_OUT_REPORT/images/meme_out_3_motif6_reverse_histogram.png,MEME_OUT_REPORT/images/meme_out_3_motif6_reverse_boot.png,0.4203,,"[(21, 17), (22, 16)]",2,2.844167938404233,CT,AG,CTCGCAG,0.999000399840064,0.0009996001599360538
meme_out_3,6,Reverse,MEME_OUT_REPORT/images/meme_out_3_motif6_reverse_matrix.png,MEME_OUT_REPORT/images/meme_out_3_motif6_reverse_histogram.png,MEME_OUT_REPORT/images/meme_out_3_motif6_reverse_boot.png,0.4203,,"[(23, 16), (24, 15)]",2,2.586090110809095,TC,GA,TCTCGCAGGA,0.9996001599360256,0.0003998400639744215
meme_out_3,6,Reverse,MEME_OUT_REPORT/images/meme_out_3_motif6_reverse_matrix.png,MEME_OUT_REPORT/images/meme_out_3_motif6_reverse_histogram.png,MEME_OUT_REPORT/images/meme_out_3_motif6_reverse_boot.png,0.4203,,"[(23, 18), (24, 17)]",2,2.9549247623005117,TC,GA,TCGCAGGA,0.9988004798080767,0.0011995201919232645
meme_out_3,6,Reverse,MEME_OUT_REPORT/images/meme_out_3_motif6_reverse_matrix.png,MEME_OUT_REPORT/images/meme_out_3_motif6_reverse_histogram.png,MEME_OUT_REPORT/images/meme_out_3_motif6_reverse_boot.png,0.4203,,"[(24, 8), (25, 7)]",2,3.20151690256412,TT,AA,TTTCCGTATCTCGCAGGAA,0.994202319072371,0.005797680927629001
meme_out_3,7,Direct,MEME_OUT_REPORT/images/meme_out_3_motif7_direct_matrix.png,MEME_OUT_REPORT/images/meme_out_3_motif7_direct_histogram.png,MEME_OUT_REPORT/images/meme_out_3_motif7_direct_boot.png,0.387,,"[(3, 2), (4, 3)]",2,2.451616579175778,TT,TT,TTT,0.9996001599360256,0.0003998400639744215
meme_out_3,7,Direct,MEME_OUT_REPORT/images/meme_out_3_motif7_direct_matrix.png,MEME_OUT_REPORT/images/meme_out_3_motif7_direct_histogram.png,MEME_OUT_REPORT/images/meme_out_3_motif7_direct_boot.png,0.387,,"[(15, 2), (16, 3)]",2,3.207076297345562,TT,TT,TTTAGACGCGACATT,0.995201919232307,0.004798080767692947
meme_out_3,7,Direct,MEME_OUT_REPORT/images/meme_out_3_motif7_direct_matrix.png,MEME_OUT_REPORT/images/meme_out_3_motif7_direct_histogram.png,MEME_OUT_REPORT/images/meme_out_3_motif7_direct_boot.png,0.387,,"[(15, 3), (16, 4)]",2,2.9251629131316643,TT,TT,TTAGACGCGACATT,0.9988004798080767,0.0011995201919232645
meme_out_3,7,Direct,MEME_OUT_REPORT/images/meme_out_3_motif7_direct_matrix.png,MEME_OUT_REPORT/images/meme_out_3_motif7_direct_histogram.png,MEME_OUT_REPORT/images/meme_out_3_motif7_direct_boot.png,0.387,,"[(18, 4), (19, 5)]",2,3.235511315923958,TA,TA,TAGACGCGACATTCTA,0.9930027988804478,0.006997201119552154
meme_out_3,7,Direct,MEME_OUT_REPORT/images/meme_out_3_motif7_direct_matrix.png,MEME_OUT_REPORT/images/meme_out_3_motif7_direct_histogram.png,MEME_OUT_REPORT/images/meme_out_3_motif7_direct_boot.png,0.387,,"[(21, 8), (22, 9)]",2,3.925238033969606,CG,CG,CGCGACATTCTAACG,0.7886845261895242,0.21131547381047577
meme_out_3,7,Direct,MEME_OUT_REPORT/images/meme_out_3_motif7_direct_matrix.png,MEME_OUT_REPORT/images/meme_out_3_motif7_direct_histogram.png,MEME_OUT_REPORT/images/meme_out_3_motif7_direct_boot.png,0.387,,"[(22, 6), (23, 7)]",2,3.4832016038107216,GA,GA,GACGCGACATTCTAACGA,0.9576169532187125,0.04238304678128746
meme_out_3,7,Reverse,MEME_OUT_REPORT/images/meme_out_3_motif7_reverse_matrix.png,MEME_OUT_REPORT/images/meme_out_3_motif7_reverse_histogram.png,MEME_OUT_REPORT/images/meme_out_3_motif7_reverse_boot.png,0.644,,"[(16, 7), (17, 6), (18, 5), (19, 4)]",4,7.160749349893564,TAGA,TCTA,TAGACGCGACATTCTA,0.027189124350259896,0.9728108756497401
meme_out_3,7,Reverse,MEME_OUT_REPORT/images/meme_out_3_motif7_reverse_matrix.png,MEME_OUT_REPORT/images/meme_out_3_motif7_reverse_histogram.png,MEME_OUT_REPORT/images/meme_out_3_motif7_reverse_boot.png,0.644,,"[(21, 9), (22, 8)]",2,3.925238033969606,CG,CG,CGCGACATTCTAACG,0.8286685325869653,0.17133146741303473
meme_out_3,7,Reverse,MEME_OUT_REPORT/images/meme_out_3_motif7_reverse_matrix.png,MEME_OUT_REPORT/images/meme_out_3_motif7_reverse_histogram.png,MEME_OUT_REPORT/images/meme_out_3_motif7_reverse_boot.png,0.644,,"[(22, 17), (23, 16)]",2,3.5577803477195733,TC,GA,TCTAACGA,0.9568172730907637,0.0431827269092363
meme_out_3,8,Direct,MEME_OUT_REPORT/images/meme_out_3_motif8_direct_matrix.png,MEME_OUT_REPORT/images/meme_out_3_motif8_direct_histogram.png,MEME_OUT_REPORT/images/meme_out_3_motif8_direct_boot.png,0.4021,,"[(12, 0), (13, 1), (14, 2)]",3,5.429721150469386,TAG,TAG,TAGTGATTTATATAG,0.41983206717313076,0.5801679328268692
meme_out_3,8,Direct,MEME_OUT_REPORT/images/meme_out_3_motif8_direct_matrix.png,MEME_OUT_REPORT/images/meme_out_3_motif8_direct_histogram.png,MEME_OUT_REPORT/images/meme_out_3_motif8_direct_boot.png,0.4021,,"[(7, 6), (8, 7)]",2,3.4369663205278043,TT,TT,TTT,0.999000399840064,0.0009996001599360538
meme_out_3,8,Direct,MEME_OUT_REPORT/images/meme_out_3_motif8_direct_matrix.png,MEME_OUT_REPORT/images/meme_out_3_motif8_direct_histogram.png,MEME_OUT_REPORT/images/meme_out_3_motif8_direct_boot.png,0.4021,,"[(8, 0), (9, 1)]",2,3.348158542947888,TA,TA,TAGTGATTTA,0.9996001599360256,0.0003998400639744215
meme_out_3,8,Direct,MEME_OUT_REPORT/images/meme_out_3_motif8_direct_matrix.png,MEME_OUT_REPORT/images/meme_out_3_motif8_direct_histogram.png,MEME_OUT_REPORT/images/meme_out_3_motif8_direct_boot.png,0.4021,,"[(10, 0), (11, 1)]",2,3.6572006085519586,TA,TA,TAGTGATTTATA,0.9924030387844862,0.007596961215513787
meme_out_3,8,Direct,MEME_OUT_REPORT/images/meme_out_3_motif8_direct_matrix.png,MEME_OUT_REPORT/images/meme_out_3_motif8_direct_histogram.png,MEME_OUT_REPORT/images/meme_out_3_motif8_direct_boot.png,0.4021,,"[(12, 10), (13, 11)]",2,3.334054955496347,TA,TA,TATA,0.9996001599360256,0.0003998400639744215
meme_out_3,8,Direct,MEME_OUT_REPORT/images/meme_out_3_motif8_direct_matrix.png,MEME_OUT_REPORT/images/meme_out_3_motif8_direct_histogram.png,MEME_OUT_REPORT/images/meme_out_3_motif8_direct_boot.png,0.4021,,"[(15, 2), (16, 3)]",2,3.724173977399882,GT,GT,GTGATTTATATAGGT,0.9842063174730108,0.015793682526989206
meme_out_3,8,Direct,MEME_OUT_REPORT/images/meme_out_3_motif8_direct_matrix.png,MEME_OUT_REPORT/images/meme_out_3_motif8_direct_histogram.png,MEME_OUT_REPORT/images/meme_out_3_motif8_direct_boot.png,0.4021,,"[(18, 14), (19, 15)]",2,3.583010888385281,GG,GG,GGTGGG,0.9960015993602559,0.003998400639744104
meme_out_3,8,Reverse,MEME_OUT_REPORT/images/meme_out_3_motif8_reverse_matrix.png,MEME_OUT_REPORT/images/meme_out_3_motif8_reverse_histogram.png,MEME_OUT_REPORT/images/meme_out_3_motif8_reverse_boot.png,0.3878,,"[(11, 10), (12, 9), (13, 8)]",3,4.4372553426253365,TAT,ATA,TATATA,0.1597361055577769,0.8402638944422232
meme_out_3,8,Reverse,MEME_OUT_REPORT/images/meme_out_3_motif8_reverse_matrix.png,MEME_OUT_REPORT/images/meme_out_3_motif8_reverse_histogram.png,MEME_OUT_REPORT/images/meme_out_3_motif8_reverse_boot.png,0.3878,,"[(8, 1), (9, 0)]",2,3.348158542947888,TA,TA,TAGTGATTTA,0.6079568172730908,0.3920431827269092
meme_out_3,8,Reverse,MEME_OUT_REPORT/images/meme_out_3_motif8_reverse_matrix.png,MEME_OUT_REPORT/images/meme_out_3_motif8_reverse_histogram.png,MEME_OUT_REPORT/images/meme_out_3_motif8_reverse_boot.png,0.3878,,"[(9, 6), (10, 5)]",2,2.2605995770633394,AT,AT,ATTTAT,0.9802079168332667,0.01979208316673331
meme_out_3,8,Reverse,MEME_OUT_REPORT/images/meme_out_3_motif8_reverse_matrix.png,MEME_OUT_REPORT/images/meme_out_3_motif8_reverse_histogram.png,MEME_OUT_REPORT/images/meme_out_3_motif8_reverse_boot.png,0.3878,,"[(10, 1), (11, 0)]",2,3.6572006085519586,TA,TA,TAGTGATTTATA,0.3634546181527389,0.6365453818472611
meme_out_3,8,Reverse,MEME_OUT_REPORT/images/meme_out_3_motif8_reverse_matrix.png,MEME_OUT_REPORT/images/meme_out_3_motif8_reverse_histogram.png,MEME_OUT_REPORT/images/meme_out_3_motif8_reverse_boot.png,0.3878,,"[(10, 9), (11, 8)]",2,3.006640825310778,TA,TA,TATA,0.8312674930027989,0.1687325069972011
meme_out_3,8,Reverse,MEME_OUT_REPORT/images/meme_out_3_motif8_reverse_matrix.png,MEME_OUT_REPORT/images/meme_out_3_motif8_reverse_histogram.png,MEME_OUT_REPORT/images/meme_out_3_motif8_reverse_boot.png,0.3878,,"[(11, 6), (12, 5)]",2,2.5360071113774056,AT,AT,ATTTATAT,0.9560175929628149,0.043982407037185145
meme_out_3,8,Reverse,MEME_OUT_REPORT/images/meme_out_3_motif8_reverse_matrix.png,MEME_OUT_REPORT/images/meme_out_3_motif8_reverse_histogram.png,MEME_OUT_REPORT/images/meme_out_3_motif8_reverse_boot.png,0.3878,,"[(12, 1), (13, 0)]",2,3.429721160867979,TA,TA,TAGTGATTTATATA,0.48340663734506195,0.516593362654938
meme_out_3,8,Reverse,MEME_OUT_REPORT/images/meme_out_3_motif8_reverse_matrix.png,MEME_OUT_REPORT/images/meme_out_3_motif8_reverse_histogram.png,MEME_OUT_REPORT/images/meme_out_3_motif8_reverse_boot.png,0.3878,,"[(12, 11), (13, 10)]",2,3.086921790217123,TA,TA,TATA,0.7522990803678529,0.24770091963214713
meme_out_3,9,Direct,MEME_OUT_REPORT/images/meme_out_3_motif9_direct_matrix.png,MEME_OUT_REPORT/images/meme_out_3_motif9_direct_histogram.png,MEME_OUT_REPORT/images/meme_out_3_motif9_direct_boot.png,0.4131,,"[(10, 0), (11, 1), (12, 2)]",3,5.465295304182453,TTT,TTT,TTTTTGCATGTTT,0.429828068772491,0.570171931227509
meme_out_3,9,Direct,MEME_OUT_REPORT/images/meme_out_3_motif9_direct_matrix.png,MEME_OUT_REPORT/images/meme_out_3_motif9_direct_histogram.png,MEME_OUT_REPORT/images/meme_out_3_motif9_direct_boot.png,0.4131,,"[(1, 0), (2, 1)]",2,3.4912940987289267,TT,TT,TTT,0.9950019992003198,0.004998000799680158
meme_out_3,9,Direct,MEME_OUT_REPORT/images/meme_out_3_motif9_direct_matrix.png,MEME_OUT_REPORT/images/meme_out_3_motif9_direct_histogram.png,MEME_OUT_REPORT/images/meme_out_3_motif9_direct_boot.png,0.4131,,"[(10, 1), (11, 2)]",2,3.6620927351759414,TT,TT,TTTTGCATGTT,0.98140743702519,0.018592562974810045
meme_out_3,9,Direct,MEME_OUT_REPORT/images/meme_out_3_motif9_direct_matrix.png,MEME_OUT_REPORT/images/meme_out_3_motif9_direct_histogram.png,MEME_OUT_REPORT/images/meme_out_3_motif9_direct_boot.png,0.4131,,"[(11, 0), (12, 1)]",2,3.6620927351759414,TT,TT,TTTTTGCATGTTT,0.98140743702519,0.018592562974810045
meme_out_3,9,Direct,MEME_OUT_REPORT/images/meme_out_3_motif9_direct_matrix.png,MEME_OUT_REPORT/images/meme_out_3_motif9_direct_histogram.png,MEME_OUT_REPORT/images/meme_out_3_motif9_direct_boot.png,0.4131,,"[(11, 10), (12, 11)]",2,3.9999999792028142,TT,TT,TTT,0.751499400239904,0.24850059976009597
meme_out_3,9,Direct,MEME_OUT_REPORT/images/meme_out_3_motif9_direct_matrix.png,MEME_OUT_REPORT/images/meme_out_3_motif9_direct_histogram.png,MEME_OUT_REPORT/images/meme_out_3_motif9_direct_boot.png,0.4131,,"[(13, 7), (14, 8)]",2,3.2839896783194673,AT,AT,ATGTTTAT,0.9994002399040384,0.0005997600959616323
meme_out_3,9,Direct,MEME_OUT_REPORT/images/meme_out_3_motif9_direct_matrix.png,MEME_OUT_REPORT/images/meme_out_3_motif9_direct_histogram.png,MEME_OUT_REPORT/images/meme_out_3_motif9_direct_boot.png,0.4131,,"[(14, 0), (15, 1)]",2,3.6620927351759414,TT,TT,TTTTTGCATGTTTATT,0.98140743702519,0.018592562974810045
meme_out_3,9,Direct,MEME_OUT_REPORT/images/meme_out_3_motif9_direct_matrix.png,MEME_OUT_REPORT/images/meme_out_3_motif9_direct_histogram.png,MEME_OUT_REPORT/images/meme_out_3_motif9_direct_boot.png,0.4131,,"[(14, 1), (15, 2)]",2,3.6620927351759414,TT,TT,TTTTGCATGTTTATT,0.98140743702519,0.018592562974810045
meme_out_3,9,Direct,MEME_OUT_REPORT/images/meme_out_3_motif9_direct_matrix.png,MEME_OUT_REPORT/images/meme_out_3_motif9_direct_histogram.png,MEME_OUT_REPORT/images/meme_out_3_motif9_direct_boot.png,0.4131,,"[(14, 10), (15, 11)]",2,3.9999999792028142,TT,TT,TTTATT,0.751499400239904,0.24850059976009597
meme_out_3,9,Direct,MEME_OUT_REPORT/images/meme_out_3_motif9_direct_matrix.png,MEME_OUT_REPORT/images/meme_out_3_motif9_direct_histogram.png,MEME_OUT_REPORT/images/meme_out_3_motif9_direct_boot.png,0.4131,,"[(14, 11), (15, 12)]",2,3.9999999792028142,TT,TT,TTATT,0.751499400239904,0.24850059976009597
meme_out_3,9,Direct,MEME_OUT_REPORT/images/meme_out_3_motif9_direct_matrix.png,MEME_OUT_REPORT/images/meme_out_3_motif9_direct_histogram.png,MEME_OUT_REPORT/images/meme_out_3_motif9_direct_boot.png,0.4131,,"[(15, 4), (16, 5)]",2,3.679879403693204,TG,TG,TGCATGTTTATTG,0.9718112754898041,0.02818872451019594
meme_out_3,9,Reverse,MEME_OUT_REPORT/images/meme_out_3_motif9_reverse_matrix.png,MEME_OUT_REPORT/images/meme_out_3_motif9_reverse_histogram.png,MEME_OUT_REPORT/images/meme_out_3_motif9_reverse_boot.png,0.3933,,"[(6, 5), (7, 4)]",2,3.1277646185012316,TG,CA,TGCA,0.8708516593362655,0.12914834066373448
meme_out_3,9,Reverse,MEME_OUT_REPORT/images/meme_out_3_motif9_reverse_matrix.png,MEME_OUT_REPORT/images/meme_out_3_motif9_reverse_histogram.png,MEME_OUT_REPORT/images/meme_out_3_motif9_reverse_boot.png,0.3933,,"[(13, 8), (14, 7)]",2,3.2844244030018652,AT,AT,ATGTTTAT,0.818672530987605,0.18132746901239505
meme_out_3,9,Reverse,MEME_OUT_REPORT/images/meme_out_3_motif9_reverse_matrix.png,MEME_OUT_REPORT/images/meme_out_3_motif9_reverse_histogram.png,MEME_OUT_REPORT/images/meme_out_3_motif9_reverse_boot.png,0.3933,,"[(15, 7), (16, 6)]",2,3.11616834935208,CA,TG,CATGTTTATTG,0.882047181127549,0.11795281887245102
meme_out_3,9,Reverse,MEME_OUT_REPORT/images/meme_out_3_motif9_reverse_matrix.png,MEME_OUT_REPORT/images/meme_out_3_motif9_reverse_histogram.png,MEME_OUT_REPORT/images/meme_out_3_motif9_reverse_boot.png,0.3933,,"[(17, 8), (18, 7)]",2,2.771923905520874,AT,AT,ATGTTTATTGAT,0.9620151939224311,0.03798480607756893
meme_out_3,9,Reverse,MEME_OUT_REPORT/images/meme_out_3_motif9_reverse_matrix.png,MEME_OUT_REPORT/images/meme_out_3_motif9_reverse_histogram.png,MEME_OUT_REPORT/images/meme_out_3_motif9_reverse_boot.png,0.3933,,"[(17, 14), (18, 13)]",2,3.346420450616437,AT,AT,ATTGAT,0.7564974010395842,0.24350259896041582
meme_out_3,10,Direct,MEME_OUT_REPORT/images/meme_out_3_motif10_direct_matrix.png,MEME_OUT_REPORT/images/meme_out_3_motif10_direct_histogram.png,MEME_OUT_REPORT/images/meme_out_3_motif10_direct_boot.png,0.3721,,"[(2, 1), (3, 2), (4, 3)]",3,5.5194643038226765,AAA,AAA,AAAA,0.07077169132347061,0.9292283086765294
meme_out_3,10,Direct,MEME_OUT_REPORT/images/meme_out_3_motif10_direct_matrix.png,MEME_OUT_REPORT/images/meme_out_3_motif10_direct_histogram.png,MEME_OUT_REPORT/images/meme_out_3_motif10_direct_boot.png,0.3721,,"[(22, 21), (23, 22), (24, 23)]",3,4.165013240789453,TTT,TTT,TTTT,0.42203118752499,0.57796881247501
meme_out_3,10,Direct,MEME_OUT_REPORT/images/meme_out_3_motif10_direct_matrix.png,MEME_OUT_REPORT/images/meme_out_3_motif10_direct_histogram.png,MEME_OUT_REPORT/images/meme_out_3_motif10_direct_boot.png,0.3721,,"[(3, 1), (4, 2)]",2,3.5194643142212696,AA,AA,AAAA,0.7059176329468213,0.2940823670531787
meme_out_3,10,Direct,MEME_OUT_REPORT/images/meme_out_3_motif10_direct_matrix.png,MEME_OUT_REPORT/images/meme_out_3_motif10_direct_histogram.png,MEME_OUT_REPORT/images/meme_out_3_motif10_direct_boot.png,0.3721,,"[(8, 6), (9, 7)]",2,2.545533370767931,GA,GA,GAGA,0.9992003198720512,0.000799680127948843
meme_out_3,10,Direct,MEME_OUT_REPORT/images/meme_out_3_motif10_direct_matrix.png,MEME_OUT_REPORT/images/meme_out_3_motif10_direct_histogram.png,MEME_OUT_REPORT/images/meme_out_3_motif10_direct_boot.png,0.3721,,"[(16, 10), (17, 11)]",2,3.74475098537381,TC,TC,TCTAGGTC,0.562375049980008,0.437624950019992
meme_out_3,10,Direct,MEME_OUT_REPORT/images/meme_out_3_motif10_direct_matrix.png,MEME_OUT_REPORT/images/meme_out_3_motif10_direct_histogram.png,MEME_OUT_REPORT/images/meme_out_3_motif10_direct_boot.png,0.3721,,"[(23, 21), (24, 22)]",2,2.80430906857083,TT,TT,TTTT,0.995201919232307,0.004798080767692947
meme_out_3,10,Reverse,MEME_OUT_REPORT/images/meme_out_3_motif10_reverse_matrix.png,MEME_OUT_REPORT/images/meme_out_3_motif10_reverse_histogram.png,MEME_OUT_REPORT/images/meme_out_3_motif10_reverse_boot.png,0.4245,,"[(21, 4), (22, 3), (23, 2), (24, 1)]",4,6.321919547310282,AAAA,TTTT,AAAAAGAGATCTAGGTCCTGTTTT,0.03718512594962015,0.9628148740503798
meme_out_3,10,Reverse,MEME_OUT_REPORT/images/meme_out_3_motif10_reverse_matrix.png,MEME_OUT_REPORT/images/meme_out_3_motif10_reverse_histogram.png,MEME_OUT_REPORT/images/meme_out_3_motif10_reverse_boot.png,0.4245,,"[(10, 9), (11, 8), (12, 7)]",3,4.9765115018458586,AGA,TCT,AGATCT,0.2151139544182327,0.7848860455817673
meme_out_3,10,Reverse,MEME_OUT_REPORT/images/meme_out_3_motif10_reverse_matrix.png,MEME_OUT_REPORT/images/meme_out_3_motif10_reverse_histogram.png,MEME_OUT_REPORT/images/meme_out_3_motif10_reverse_boot.png,0.4245,,"[(21, 3), (22, 2), (23, 1)]",3,4.806360266269742,AAA,TTT,AAAAAGAGATCTAGGTCCTGTTT,0.29388244702119154,0.7061175529788084
meme_out_3,10,Reverse,MEME_OUT_REPORT/images/meme_out_3_motif10_reverse_matrix.png,MEME_OUT_REPORT/images/meme_out_3_motif10_reverse_histogram.png,MEME_OUT_REPORT/images/meme_out_3_motif10_reverse_boot.png,0.4245,,"[(22, 4), (23, 3), (24, 2)]",3,4.712314146103349,AAA,TTT,AAAAGAGATCTAGGTCCTGTTTT,0.3376649340263894,0.6623350659736106
meme_out_3,10,Reverse,MEME_OUT_REPORT/images/meme_out_3_motif10_reverse_matrix.png,MEME_OUT_REPORT/images/meme_out_3_motif10_reverse_histogram.png,MEME_OUT_REPORT/images/meme_out_3_motif10_reverse_boot.png,0.4245,,"[(10, 7), (11, 6)]",2,2.881765897291972,GA,TC,GAGATC,0.9964014394242303,0.0035985605757696826
meme_out_3,10,Reverse,MEME_OUT_REPORT/images/meme_out_3_motif10_reverse_matrix.png,MEME_OUT_REPORT/images/meme_out_3_motif10_reverse_histogram.png,MEME_OUT_REPORT/images/meme_out_3_motif10_reverse_boot.png,0.4245,,"[(16, 7), (17, 6)]",2,2.8979658758355527,GA,TC,GAGATCTAGGTC,0.9958016793282687,0.004198320671731315
meme_out_3,10,Reverse,MEME_OUT_REPORT/images/meme_out_3_motif10_reverse_matrix.png,MEME_OUT_REPORT/images/meme_out_3_motif10_reverse_histogram.png,MEME_OUT_REPORT/images/meme_out_3_motif10_reverse_boot.png,0.4245,,"[(16, 9), (17, 8)]",2,3.515432552675625,GA,TC,GATCTAGGTC,0.8126749300279889,0.18732506997201115
meme_out_3,10,Reverse,MEME_OUT_REPORT/images/meme_out_3_motif10_reverse_matrix.png,MEME_OUT_REPORT/images/meme_out_3_motif10_reverse_histogram.png,MEME_OUT_REPORT/images/meme_out_3_motif10_reverse_boot.png,0.4245,,"[(18, 8), (19, 7)]",2,2.2726494394787884,AG,CT,AGATCTAGGTCCT,0.9996001599360256,0.0003998400639744215
meme_out_3,10,Reverse,MEME_OUT_REPORT/images/meme_out_3_motif10_reverse_matrix.png,MEME_OUT_REPORT/images/meme_out_3_motif10_reverse_histogram.png,MEME_OUT_REPORT/images/meme_out_3_motif10_reverse_boot.png,0.4245,,"[(21, 2), (22, 1)]",2,3.304198202473278,AA,TT,AAAAAGAGATCTAGGTCCTGTT,0.9226309476209517,0.07736905237904834
meme_out_3,10,Reverse,MEME_OUT_REPORT/images/meme_out_3_motif10_reverse_matrix.png,MEME_OUT_REPORT/images/meme_out_3_motif10_reverse_histogram.png,MEME_OUT_REPORT/images/meme_out_3_motif10_reverse_boot.png,0.4245,,"[(23, 4), (24, 3)]",2,3.1928498214834864,AA,TT,AAAGAGATCTAGGTCCTGTTTT,0.9662135145941624,0.03378648540583762
meme_out_4,1,Direct,MEME_OUT_REPORT/images/meme_out_4_motif1_direct_matrix.png,MEME_OUT_REPORT/images/meme_out_4_motif1_direct_histogram.png,MEME_OUT_REPORT/images/meme_out_4_motif1_direct_boot.png,0.6892,,"[(9, 1), (10, 2), (11, 3), (12, 4)]",4,3.3937462599155395,AATA,AAAA,AAAAAAAAAATA,0.07277089164334266,0.9272291083566573
meme_out_4,1,Direct,MEME_OUT_REPORT/images/meme_out_4_motif1_direct_matrix.png,MEME_OUT_REPORT/images/meme_out_4_motif1_direct_histogram.png,MEME_OUT_REPORT/images/meme_out_4_motif1_direct_boot.png,0.6892,,"[(3, 2), (4, 3)]",2,1.9244480010290028,AA,AA,AAA,0.7764894042383047,0.2235105957616953
meme_out_4,1,Direct,MEME_OUT_REPORT/images/meme_out_4_motif1_direct_matrix.png,MEME_OUT_REPORT/images/meme_out_4_motif1_direct_histogram.png,MEME_OUT_REPORT/images/meme_out_4_motif1_direct_boot.png,0.6892,,"[(9, 2), (10, 3)]",2,2.1495590555569715,AA,AA,AAAAAAAAA,0.588764494202319,0.411235505797681
meme_out_4,1,Direct,MEME_OUT_REPORT/images/meme_out_4_motif1_direct_matrix.png,MEME_OUT_REPORT/images/meme_out_4_motif1_direct_histogram.png,MEME_OUT_REPORT/images/meme_out_4_motif1_direct_boot.png,0.6892,,"[(9, 3), (10, 4)]",2,2.1111703044128967,AA,AA,AAAAAAAA,0.6307477009196322,0.36925229908036783
meme_out_4,1,Direct,MEME_OUT_REPORT/images/meme_out_4_motif1_direct_matrix.png,MEME_OUT_REPORT/images/meme_out_4_motif1_direct_histogram.png,MEME_OUT_REPORT/images/meme_out_4_motif1_direct_boot.png,0.6892,,"[(10, 9), (11, 10)]",2,1.9445863122522233,AT,AA,AAT,0.7542982806877249,0.24570171931227514
meme_out_4,1,Direct,MEME_OUT_REPORT/images/meme_out_4_motif1_direct_matrix.png,MEME_OUT_REPORT/images/meme_out_4_motif1_direct_histogram.png,MEME_OUT_REPORT/images/meme_out_4_motif1_direct_boot.png,0.6892,,"[(11, 9), (12, 10)]",2,1.698345153581939,TA,AA,AATA,0.9322271091563374,0.06777289084366256
meme_out_4,1,Reverse,MEME_OUT_REPORT/images/meme_out_4_motif1_reverse_matrix.png,MEME_OUT_REPORT/images/meme_out_4_motif1_reverse_histogram.png,MEME_OUT_REPORT/images/meme_out_4_motif1_reverse_boot.png,0.4408,,"[(15, 13), (16, 12)]",2,2.4135940749605025,AG,CT,AGCCT,0.07197121151539385,0.9280287884846061
meme_out_4,2,Direct,MEME_OUT_REPORT/images/meme_out_4_motif2_direct_matrix.png,MEME_OUT_REPORT/images/meme_out_4_motif2_direct_histogram.png,MEME_OUT_REPORT/images/meme_out_4_motif2_direct_boot.png,0.3958,,"[(1, 0), (2, 1)]",2,2.878975517376447,AA,AA,AAA,0.9216313474610156,0.0783686525389844
meme_out_4,2,Direct,MEME_OUT_REPORT/images/meme_out_4_motif2_direct_matrix.png,MEME_OUT_REPORT/images/meme_out_4_motif2_direct_histogram.png,MEME_OUT_REPORT/images/meme_out_4_motif2_direct_boot.png,0.3958,,"[(13, 6), (14, 7)]",2,3.5285034835319813,AT,AT,ATCTCTGAT,0.5037984806077569,0.4962015193922431
meme_out_4,2,Direct,MEME_OUT_REPORT/images/meme_out_4_motif2_direct_matrix.png,MEME_OUT_REPORT/images/meme_out_4_motif2_direct_histogram.png,MEME_OUT_REPORT/images/meme_out_4_motif2_direct_boot.png,0.3958,,"[(15, 5), (16, 6)]",2,3.076240045759281,TA,TA,TATCTCTGATTA,0.8442622950819673,0.15573770491803274
meme_out_4,2,Direct,MEME_OUT_REPORT/images/meme_out_4_motif2_direct_matrix.png,MEME_OUT_REPORT/images/meme_out_4_motif2_direct_histogram.png,MEME_OUT_REPORT/images/meme_out_4_motif2_direct_boot.png,0.3958,,"[(16, 2), (17, 3)]",2,3.7778119039760334,AG,AG,AGGTATCTCTGATTAG,0.3744502199120352,0.6255497800879648
meme_out_4,2,Direct,MEME_OUT_REPORT/images/meme_out_4_motif2_direct_matrix.png,MEME_OUT_REPORT/images/meme_out_4_motif2_direct_histogram.png,MEME_OUT_REPORT/images/meme_out_4_motif2_direct_boot.png,0.3958,,"[(18, 7), (19, 8)]",2,2.9900950877459165,TC,TC,TCTCTGATTAGTC,0.8860455817672931,0.11395441823270691
meme_out_4,2,Reverse,MEME_OUT_REPORT/images/meme_out_4_motif2_reverse_matrix.png,MEME_OUT_REPORT/images/meme_out_4_motif2_reverse_histogram.png,MEME_OUT_REPORT/images/meme_out_4_motif2_reverse_boot.png,0.3936,,"[(13, 7), (14, 6)]",2,3.5285034835319813,AT,AT,ATCTCTGAT,0.6127548980407836,0.38724510195921635
meme_out_4,2,Reverse,MEME_OUT_REPORT/images/meme_out_4_motif2_reverse_matrix.png,MEME_OUT_REPORT/images/meme_out_4_motif2_reverse_histogram.png,MEME_OUT_REPORT/images/meme_out_4_motif2_reverse_boot.png,0.3936,,"[(14, 1), (15, 0)]",2,3.0908130806144816,AA,TT,AAAGGTATCTCTGATT,0.9090363854458217,0.09096361455417834
meme_out_4,2,Reverse,MEME_OUT_REPORT/images/meme_out_4_motif2_reverse_matrix.png,MEME_OUT_REPORT/images/meme_out_4_motif2_reverse_histogram.png,MEME_OUT_REPORT/images/meme_out_4_motif2_reverse_boot.png,0.3936,,"[(14, 2), (15, 1)]",2,3.7881624159647798,AA,TT,AAGGTATCTCTGATT,0.47461015593762496,0.525389844062375
meme_out_4,2,Reverse,MEME_OUT_REPORT/images/meme_out_4_motif2_reverse_matrix.png,MEME_OUT_REPORT/images/meme_out_4_motif2_reverse_histogram.png,MEME_OUT_REPORT/images/meme_out_4_motif2_reverse_boot.png,0.3936,,"[(15, 6), (16, 5)]",2,3.0823965328276057,TA,TA,TATCTCTGATTA,0.911235505797681,0.08876449420231902
meme_out_4,3,Direct,MEME_OUT_REPORT/images/meme_out_4_motif3_direct_matrix.png,MEME_OUT_REPORT/images/meme_out_4_motif3_direct_histogram.png,MEME_OUT_REPORT/images/meme_out_4_motif3_direct_boot.png,0.3841,,"[(2, 1), (3, 2), (4, 3), (5, 4)]",4,7.035714555595094,AAAA,AAAA,AAAAA,0.001599360255897641,0.9984006397441023
meme_out_4,3,Direct,MEME_OUT_REPORT/images/meme_out_4_motif3_direct_matrix.png,MEME_OUT_REPORT/images/meme_out_4_motif3_direct_histogram.png,MEME_OUT_REPORT/images/meme_out_4_motif3_direct_boot.png,0.3841,,"[(3, 1), (4, 2), (5, 3)]",3,5.0648200196844835,AAA,AAA,AAAAA,0.020791683326669332,0.9792083166733306
meme_out_4,3,Direct,MEME_OUT_REPORT/images/meme_out_4_motif3_direct_matrix.png,MEME_OUT_REPORT/images/meme_out_4_motif3_direct_histogram.png,MEME_OUT_REPORT/images/meme_out_4_motif3_direct_boot.png,0.3841,,"[(22, 21), (23, 22), (24, 23)]",3,4.517872702613625,TTT,TTT,TTTT,0.053778488604558174,0.9462215113954419
meme_out_4,3,Direct,MEME_OUT_REPORT/images/meme_out_4_motif3_direct_matrix.png,MEME_OUT_REPORT/images/meme_out_4_motif3_direct_histogram.png,MEME_OUT_REPORT/images/meme_out_4_motif3_direct_boot.png,0.3841,,"[(4, 1), (5, 2)]",2,3.201378295291126,AA,AA,AAAAA,0.4190323870451819,0.580967612954818
meme_out_4,3,Direct,MEME_OUT_REPORT/images/meme_out_4_motif3_direct_matrix.png,MEME_OUT_REPORT/images/meme_out_4_motif3_direct_histogram.png,MEME_OUT_REPORT/images/meme_out_4_motif3_direct_boot.png,0.3841,,"[(16, 10), (17, 11)]",2,2.278311138064562,TC,TC,TCTTTGTC,0.8798480607756898,0.12015193922431022
meme_out_4,3,Reverse,MEME_OUT_REPORT/images/meme_out_4_motif3_reverse_matrix.png,MEME_OUT_REPORT/images/meme_out_4_motif3_reverse_histogram.png,MEME_OUT_REPORT/images/meme_out_4_motif3_reverse_boot.png,0.3797,,"[(21, 4), (22, 3), (23, 2), (24, 1)]",4,6.537295830588036,AAAA,TTTT,AAAAAGAGATCTTTGTCCCGTTTT,0.0009996001599360256,0.999000399840064
meme_out_4,3,Reverse,MEME_OUT_REPORT/images/meme_out_4_motif3_reverse_matrix.png,MEME_OUT_REPORT/images/meme_out_4_motif3_reverse_histogram.png,MEME_OUT_REPORT/images/meme_out_4_motif3_reverse_boot.png,0.3797,,"[(21, 3), (22, 2), (23, 1)]",3,4.810017697466028,AAA,TTT,AAAAAGAGATCTTTGTCCCGTTT,0.041583366653338664,0.9584166333466614
meme_out_4,3,Reverse,MEME_OUT_REPORT/images/meme_out_4_motif3_reverse_matrix.png,MEME_OUT_REPORT/images/meme_out_4_motif3_reverse_histogram.png,MEME_OUT_REPORT/images/meme_out_4_motif3_reverse_boot.png,0.3797,,"[(22, 4), (23, 3), (24, 2)]",3,5.465997267182336,AAA,TTT,AAAAGAGATCTTTGTCCCGTTTT,0.010395841663334666,0.9896041583366654
meme_out_4,3,Reverse,MEME_OUT_REPORT/images/meme_out_4_motif3_reverse_matrix.png,MEME_OUT_REPORT/images/meme_out_4_motif3_reverse_histogram.png,MEME_OUT_REPORT/images/meme_out_4_motif3_reverse_boot.png,0.3797,,"[(22, 5), (23, 4), (24, 3)]",3,4.714632654341308,AAA,TTT,AAAGAGATCTTTGTCCCGTTTT,0.04758096761295482,0.9524190323870452
meme_out_4,3,Reverse,MEME_OUT_REPORT/images/meme_out_4_motif3_reverse_matrix.png,MEME_OUT_REPORT/images/meme_out_4_motif3_reverse_histogram.png,MEME_OUT_REPORT/images/meme_out_4_motif3_reverse_boot.png,0.3797,,"[(21, 2), (22, 1)]",2,2.9543444214415517,AA,TT,AAAAAGAGATCTTTGTCCCGTT,0.759296281487405,0.24070371851259498
meme_out_4,3,Reverse,MEME_OUT_REPORT/images/meme_out_4_motif3_reverse_matrix.png,MEME_OUT_REPORT/images/meme_out_4_motif3_reverse_histogram.png,MEME_OUT_REPORT/images/meme_out_4_motif3_reverse_boot.png,0.3797,,"[(23, 5), (24, 4)]",2,2.969563010918459,AA,TT,AAGAGATCTTTGTCCCGTTTT,0.741703318672531,0.25829668132746897
meme_out_4,4,Direct,MEME_OUT_REPORT/images/meme_out_4_motif4_direct_matrix.png,MEME_OUT_REPORT/images/meme_out_4_motif4_direct_histogram.png,MEME_OUT_REPORT/images/meme_out_4_motif4_direct_boot.png,0.7186,,"[(4, 3), (5, 4)]",2,2.607009276906985,TT,TT,TTT,0.9998000799680128,0.00019992003198721076
meme_out_4,4,Direct,MEME_OUT_REPORT/images/meme_out_4_motif4_direct_matrix.png,MEME_OUT_REPORT/images/meme_out_4_motif4_direct_histogram.png,MEME_OUT_REPORT/images/meme_out_4_motif4_direct_boot.png,0.7186,,"[(16, 3), (17, 4)]",2,3.2711706062292745,TT,TT,TTTAGACGCGGCATT,0.9984006397441023,0.001599360255897686
meme_out_4,4,Direct,MEME_OUT_REPORT/images/meme_out_4_motif4_direct_matrix.png,MEME_OUT_REPORT/images/meme_out_4_motif4_direct_histogram.png,MEME_OUT_REPORT/images/meme_out_4_motif4_direct_boot.png,0.7186,,"[(16, 4), (17, 5)]",2,3.122491184153817,TT,TT,TTAGACGCGGCATT,0.999000399840064,0.0009996001599360538
meme_out_4,4,Direct,MEME_OUT_REPORT/images/meme_out_4_motif4_direct_matrix.png,MEME_OUT_REPORT/images/meme_out_4_motif4_direct_histogram.png,MEME_OUT_REPORT/images/meme_out_4_motif4_direct_boot.png,0.7186,,"[(19, 5), (20, 6)]",2,3.285335905513712,TA,TA,TAGACGCGGCATTCTA,0.9984006397441023,0.001599360255897686
meme_out_4,4,Direct,MEME_OUT_REPORT/images/meme_out_4_motif4_direct_matrix.png,MEME_OUT_REPORT/images/meme_out_4_motif4_direct_histogram.png,MEME_OUT_REPORT/images/meme_out_4_motif4_direct_boot.png,0.7186,,"[(22, 9), (23, 10)]",2,3.924218346161987,CG,CG,CGCGGCATTCTAGCG,0.7760895641743303,0.22391043582566972
meme_out_4,4,Direct,MEME_OUT_REPORT/images/meme_out_4_motif4_direct_matrix.png,MEME_OUT_REPORT/images/meme_out_4_motif4_direct_histogram.png,MEME_OUT_REPORT/images/meme_out_4_motif4_direct_boot.png,0.7186,,"[(23, 7), (24, 8)]",2,3.552133922290489,GA,GA,GACGCGGCATTCTAGCGA,0.9732107157137145,0.026789284286285464
meme_out_4,4,Reverse,MEME_OUT_REPORT/images/meme_out_4_motif4_reverse_matrix.png,MEME_OUT_REPORT/images/meme_out_4_motif4_reverse_histogram.png,MEME_OUT_REPORT/images/meme_out_4_motif4_reverse_boot.png,0.4313,,"[(17, 8), (18, 7), (19, 6), (20, 5)]",4,7.285335884716526,TAGA,TCTA,TAGACGCGGCATTCTA,0.035385845661735305,0.9646141543382647
meme_out_4,4,Reverse,MEME_OUT_REPORT/images/meme_out_4_motif4_reverse_matrix.png,MEME_OUT_REPORT/images/meme_out_4_motif4_reverse_histogram.png,MEME_OUT_REPORT/images/meme_out_4_motif4_reverse_boot.png,0.4313,,"[(3, 1), (4, 0)]",2,2.9009125208148436,AA,TT,AATTT,0.9992003198720512,0.000799680127948843
meme_out_4,4,Reverse,MEME_OUT_REPORT/images/meme_out_4_motif4_reverse_matrix.png,MEME_OUT_REPORT/images/meme_out_4_motif4_reverse_histogram.png,MEME_OUT_REPORT/images/meme_out_4_motif4_reverse_boot.png,0.4313,,"[(4, 1), (5, 0)]",2,2.5844446157877448,AA,TT,AATTTT,0.9998000799680128,0.00019992003198721076
meme_out_4,4,Reverse,MEME_OUT_REPORT/images/meme_out_4_motif4_reverse_matrix.png,MEME_OUT_REPORT/images/meme_out_4_motif4_reverse_histogram.png,MEME_OUT_REPORT/images/meme_out_4_motif4_reverse_boot.png,0.4313,,"[(16, 1), (17, 0)]",2,3.3365727125631723,AA,TT,AATTTTAGACGCGGCATT,0.9964014394242303,0.0035985605757696826
meme_out_4,4,Reverse,MEME_OUT_REPORT/images/meme_out_4_motif4_reverse_matrix.png,MEME_OUT_REPORT/images/meme_out_4_motif4_reverse_histogram.png,MEME_OUT_REPORT/images/meme_out_4_motif4_reverse_boot.png,0.4313,,"[(22, 10), (23, 9)]",2,3.924218346161987,CG,CG,CGCGGCATTCTAGCG,0.8836465413834467,0.11635345861655333
meme_out_4,4,Reverse,MEME_OUT_REPORT/images/meme_out_4_motif4_reverse_matrix.png,MEME_OUT_REPORT/images/meme_out_4_motif4_reverse_histogram.png,MEME_OUT_REPORT/images/meme_out_4_motif4_reverse_boot.png,0.4313,,"[(23, 18), (24, 17)]",2,3.552133922290489,TC,GA,TCTAGCGA,0.9808076769292283,0.019192323070771677
meme_out_4,5,Direct,MEME_OUT_REPORT/images/meme_out_4_motif5_direct_matrix.png,MEME_OUT_REPORT/images/meme_out_4_motif5_direct_histogram.png,MEME_OUT_REPORT/images/meme_out_4_motif5_direct_boot.png,0.3353,,"[(12, 9), (13, 10)]",2,2.6277734084085527,AA,AA,AAAAA,0.2682926829268293,0.7317073170731707
meme_out_4,5,Direct,MEME_OUT_REPORT/images/meme_out_4_motif5_direct_matrix.png,MEME_OUT_REPORT/images/meme_out_4_motif5_direct_histogram.png,MEME_OUT_REPORT/images/meme_out_4_motif5_direct_boot.png,0.3353,,"[(13, 12), (14, 13)]",2,2.1780341771103013,AA,AA,AAA,0.41163534586165534,0.5883646541383447
meme_out_4,5,Reverse,MEME_OUT_REPORT/images/meme_out_4_motif5_reverse_matrix.png,MEME_OUT_REPORT/images/meme_out_4_motif5_reverse_histogram.png,MEME_OUT_REPORT/images/meme_out_4_motif5_reverse_boot.png,0.3643,,"[(15, 10), (16, 9), (17, 8), (18, 7), (19, 6)]",5,7.216492102057799,GTCAA,TTGAC,GTCAAAAAATTGAC,0.00019992003198720512,0.9998000799680128
meme_out_4,5,Reverse,MEME_OUT_REPORT/images/meme_out_4_motif5_reverse_matrix.png,MEME_OUT_REPORT/images/meme_out_4_motif5_reverse_histogram.png,MEME_OUT_REPORT/images/meme_out_4_motif5_reverse_boot.png,0.3643,,"[(15, 13), (16, 12)]",2,2.590320144389679,AA,TT,AAATT,0.39304278288684524,0.6069572171131548
meme_out_4,6,Direct,MEME_OUT_REPORT/images/meme_out_4_motif6_direct_matrix.png,MEME_OUT_REPORT/images/meme_out_4_motif6_direct_histogram.png,MEME_OUT_REPORT/images/meme_out_4_motif6_direct_boot.png,0.294,,"[(15, 2), (16, 3), (17, 4), (18, 5)]",4,5.180922216629911,TGCA,TGCA,TGCACCAAAATGGTGCA,0.007197121151539384,0.9928028788484606
meme_out_4,6,Direct,MEME_OUT_REPORT/images/meme_out_4_motif6_direct_matrix.png,MEME_OUT_REPORT/images/meme_out_4_motif6_direct_histogram.png,MEME_OUT_REPORT/images/meme_out_4_motif6_direct_boot.png,0.294,,"[(7, 4), (8, 5)]",2,3.3612114578109273,CA,CA,CACCA,0.1953218712514994,0.8046781287485005
meme_out_4,6,Direct,MEME_OUT_REPORT/images/meme_out_4_motif6_direct_matrix.png,MEME_OUT_REPORT/images/meme_out_4_motif6_direct_histogram.png,MEME_OUT_REPORT/images/meme_out_4_motif6_direct_boot.png,0.294,,"[(17, 7), (18, 8)]",2,3.0104469735297608,CA,CA,CAAAATGGTGCA,0.3746501399440224,0.6253498600559776
meme_out_4,6,Reverse,MEME_OUT_REPORT/images/meme_out_4_motif6_reverse_matrix.png,MEME_OUT_REPORT/images/meme_out_4_motif6_reverse_histogram.png,MEME_OUT_REPORT/images/meme_out_4_motif6_reverse_boot.png,0.2824,,"[(14, 6), (15, 5), (16, 4), (17, 3), (18, 2)]",5,6.770608359873292,TGCAC,GTGCA,TGCACCAAAATGGTGCA,0.00039984006397441024,0.9996001599360256
meme_out_4,6,Reverse,MEME_OUT_REPORT/images/meme_out_4_motif6_reverse_matrix.png,MEME_OUT_REPORT/images/meme_out_4_motif6_reverse_histogram.png,MEME_OUT_REPORT/images/meme_out_4_motif6_reverse_boot.png,0.2824,,"[(4, 3), (5, 2)]",2,2.5835788882788253,TG,CA,TGCA,0.6741303478608557,0.3258696521391443
meme_out_4,6,Reverse,MEME_OUT_REPORT/images/meme_out_4_motif6_reverse_matrix.png,MEME_OUT_REPORT/images/meme_out_4_motif6_reverse_histogram.png,MEME_OUT_REPORT/images/meme_out_4_motif6_reverse_boot.png,0.2824,,"[(7, 3), (8, 2)]",2,2.7071065057577015,TG,CA,TGCACCA,0.6089564174330268,0.39104358256697325
meme_out_4,6,Reverse,MEME_OUT_REPORT/images/meme_out_4_motif6_reverse_matrix.png,MEME_OUT_REPORT/images/meme_out_4_motif6_reverse_histogram.png,MEME_OUT_REPORT/images/meme_out_4_motif6_reverse_boot.png,0.2824,,"[(15, 8), (16, 7)]",2,2.7543661313641135,CA,TG,CAAAATGGTG,0.5691723310675729,0.4308276689324271
meme_out_4,6,Reverse,MEME_OUT_REPORT/images/meme_out_4_motif6_reverse_matrix.png,MEME_OUT_REPORT/images/meme_out_4_motif6_reverse_histogram.png,MEME_OUT_REPORT/images/meme_out_4_motif6_reverse_boot.png,0.2824,,"[(17, 16), (18, 15)]",2,2.508732621262857,TG,CA,TGCA,0.7301079568172731,0.26989204318272686
meme_out_4,7,Direct,MEME_OUT_REPORT/images/meme_out_4_motif7_direct_matrix.png,MEME_OUT_REPORT/images/meme_out_4_motif7_direct_histogram.png,MEME_OUT_REPORT/images/meme_out_4_motif7_direct_boot.png,0.2978,"[meme_out_4_motif7]: No diagonal candidates were possible at the selected 80% threshold for IMPORTS/meme_out_4/meme.xml, automatically reduced to 75%, at value 0.7511661340668747.","[(2, 1), (3, 2), (4, 3)]",3,2.33380703580202,AAA,TAA,TAAA,0.4228308676529388,0.5771691323470611
meme_out_4,7,Direct,MEME_OUT_REPORT/images/meme_out_4_motif7_direct_matrix.png,MEME_OUT_REPORT/images/meme_out_4_motif7_direct_histogram.png,MEME_OUT_REPORT/images/meme_out_4_motif7_direct_boot.png,0.2978,"[meme_out_4_motif7]: No diagonal candidates were possible at the selected 80% threshold for IMPORTS/meme_out_4/meme.xml, automatically reduced to 75%, at value 0.7511661340668747.","[(6, 0), (7, 1)]",2,1.6009082508788657,TT,TT,TTAAAATT,0.9128348660535786,0.08716513394642145
meme_out_4,7,Direct,MEME_OUT_REPORT/images/meme_out_4_motif7_direct_matrix.png,MEME_OUT_REPORT/images/meme_out_4_motif7_direct_histogram.png,MEME_OUT_REPORT/images/meme_out_4_motif7_direct_boot.png,0.2978,"[meme_out_4_motif7]: No diagonal candidates were possible at the selected 80% threshold for IMPORTS/meme_out_4/meme.xml, automatically reduced to 75%, at value 0.7511661340668747.","[(12, 7), (13, 8)]",2,1.5364297024018274,CG,TG,TGGCACG,0.9598160735705717,0.04018392642942825
meme_out_4,7,Reverse,MEME_OUT_REPORT/images/meme_out_4_motif7_reverse_matrix.png,MEME_OUT_REPORT/images/meme_out_4_motif7_reverse_histogram.png,MEME_OUT_REPORT/images/meme_out_4_motif7_reverse_boot.png,0.2851,,"[(10, 8), (11, 7)]",2,3.250158479219983,TG,CA,TGGCA,0.043982407037185124,0.9560175929628149
meme_out_4,8,Direct,MEME_OUT_REPORT/images/meme_out_4_motif8_direct_matrix.png,MEME_OUT_REPORT/images/meme_out_4_motif8_direct_histogram.png,MEME_OUT_REPORT/images/meme_out_4_motif8_direct_boot.png,0.6583,,"[(10, 5), (11, 6)]",2,3.106400932683373,TT,TT,TTTTATT,0.905437824870052,0.09456217512994802
meme_out_4,8,Reverse,MEME_OUT_REPORT/images/meme_out_4_motif8_reverse_matrix.png,MEME_OUT_REPORT/images/meme_out_4_motif8_reverse_histogram.png,MEME_OUT_REPORT/images/meme_out_4_motif8_reverse_boot.png,0.2717,"[meme_out_4_motif8]: No diagonal candidates were possible at the selected 80% threshold for IMPORTS/meme_out_4/meme.xml, automatically reduced to 55%, at value 0.670149223790289.","[(13, 9), (14, 8)]",2,1.489153931773459,TA,TA,TATTGTA,0.5949620151939224,0.40503798480607756
meme_out_4,9,Direct,MEME_OUT_REPORT/images/meme_out_4_motif9_direct_matrix.png,MEME_OUT_REPORT/images/meme_out_4_motif9_direct_histogram.png,MEME_OUT_REPORT/images/meme_out_4_motif9_direct_boot.png,0.3859,,"[(8, 4), (9, 5)]",2,2.2739847687823254,AA,AA,AATAAA,0.9448220711715314,0.055177928828468614
meme_out_4,9,Direct,MEME_OUT_REPORT/images/meme_out_4_motif9_direct_matrix.png,MEME_OUT_REPORT/images/meme_out_4_motif9_direct_histogram.png,MEME_OUT_REPORT/images/meme_out_4_motif9_direct_boot.png,0.3859,,"[(13, 8), (14, 9)]",2,3.1024628814104975,AA,AA,AAGGCAA,0.5081967213114754,0.4918032786885246
meme_out_4,9,Direct,MEME_OUT_REPORT/images/meme_out_4_motif9_direct_matrix.png,MEME_OUT_REPORT/images/meme_out_4_motif9_direct_histogram.png,MEME_OUT_REPORT/images/meme_out_4_motif9_direct_boot.png,0.3859,,"[(21, 19), (22, 20)]",2,2.4268665115804575,TC,TC,TCTC,0.913234706117553,0.08676529388244703
meme_out_4,9,Reverse,MEME_OUT_REPORT/images/meme_out_4_motif9_reverse_matrix.png,MEME_OUT_REPORT/images/meme_out_4_motif9_reverse_histogram.png,MEME_OUT_REPORT/images/meme_out_4_motif9_reverse_boot.png,0.3924,,"[(18, 9), (19, 8)]",2,2.716831341366256,AA,TT,AAGGCAATCATT,0.6997201119552179,0.3002798880447821
meme_out_4,9,Reverse,MEME_OUT_REPORT/images/meme_out_4_motif9_reverse_matrix.png,MEME_OUT_REPORT/images/meme_out_4_motif9_reverse_histogram.png,MEME_OUT_REPORT/images/meme_out_4_motif9_reverse_boot.png,0.3924,,"[(20, 10), (21, 9)]",2,2.9134061596687264,AG,CT,AGGCAATCATTCT,0.57796881247501,0.42203118752499
meme_out_4,9,Reverse,MEME_OUT_REPORT/images/meme_out_4_motif9_reverse_matrix.png,MEME_OUT_REPORT/images/meme_out_4_motif9_reverse_histogram.png,MEME_OUT_REPORT/images/meme_out_4_motif9_reverse_boot.png,0.3924,,"[(24, 11), (25, 10)]",2,2.944561410252435,GG,CC,GGCAATCATTCTCACC,0.5333866453418633,0.4666133546581367
meme_out_4,10,Direct,MEME_OUT_REPORT/images/meme_out_4_motif10_direct_matrix.png,MEME_OUT_REPORT/images/meme_out_4_motif10_direct_histogram.png,MEME_OUT_REPORT/images/meme_out_4_motif10_direct_boot.png,0.5218,,"[(19, 14), (20, 15), (21, 16)]",3,3.433079429542408,CAA,CGA,CGAGCCAA,0.1409436225509796,0.8590563774490204
meme_out_4,10,Reverse,MEME_OUT_REPORT/images/meme_out_4_motif10_reverse_matrix.png,MEME_OUT_REPORT/images/meme_out_4_motif10_reverse_histogram.png,MEME_OUT_REPORT/images/meme_out_4_motif10_reverse_boot.png,0.3778,,"[(19, 15), (20, 14), (21, 13)]",3,3.4166996336094737,TCG,CAA,TCGAGCCAA,0.23970411835265892,0.7602958816473411
meme_out_4,10,Reverse,MEME_OUT_REPORT/images/meme_out_4_motif10_reverse_matrix.png,MEME_OUT_REPORT/images/meme_out_4_motif10_reverse_histogram.png,MEME_OUT_REPORT/images/meme_out_4_motif10_reverse_boot.png,0.3778,,"[(15, 14), (16, 13)]",2,3.9161445738487175,TC,GA,TCGA,0.07217113154738104,0.9278288684526189
meme_out_4,10,Reverse,MEME_OUT_REPORT/images/meme_out_4_motif10_reverse_matrix.png,MEME_OUT_REPORT/images/meme_out_4_motif10_reverse_histogram.png,MEME_OUT_REPORT/images/meme_out_4_motif10_reverse_boot.png,0.3778,,"[(16, 11), (17, 10)]",2,3.565147076752349,CT,AG,CTGTCGAG,0.1989204318272691,0.801079568172731
meme_out_4,10,Reverse,MEME_OUT_REPORT/images/meme_out_4_motif10_reverse_matrix.png,MEME_OUT_REPORT/images/meme_out_4_motif10_reverse_histogram.png,MEME_OUT_REPORT/images/meme_out_4_motif10_reverse_boot.png,0.3778,,"[(19, 12), (20, 11)]",2,2.2202997108927804,TG,CA,TGTCGAGCCA,0.7658936425429828,0.23410635745701724
